LoanID,CustomerID,Loan_Amount,Loan_Term_Months,Interest_Rate,EMI,Loan_Purpose,Application_Channel,Age,Gender,Marital_Status,Number_of_Dependents,Education_Level,Employment_Status,Job_Type,Years_Employed,Income_Type,Annual_Income,Monthly_Income,Income_Stability_Score,Credit_Score,Credit_Utilization_Ratio,Number_of_Previous_Loans,Previous_Defaults,Delinquencies,Number_of_Active_Loans,Avg_Days_Past_Due,EMI_to_Income_Ratio,Loan_to_Income_Ratio,Debt_to_Income_Ratio,High_Risk_Flag,Low_Income_Flag,High_Loan_Flag,Default_Status,avg_monthly_spending,spending_to_income_ratio,balance_volatility,rent_payment_ratio,behavioral_risk_score,loan_bin,dti_bin,behavior_bin,customer_segment
1,116520,198623.96,36,6.33,6072.27,Business,Agent,41,Female,Divorced,0,Bachelors,Employed,Healthcare,10,Salary,964003.18,81082.47,77,799,0.1,2,0,0,0,0,0.075,0.206,0.08,0,0,0,0,3269.0191666666665,0.0403167151907369,558023.8006771066,0.0,0.7306967582630739,Low,"(0.013999999999999999, 0.152]",High,Low Risk
2,143688,426373.3,60,12.01,9486.59,Education,Online,43,Male,Married,0,Bachelors,Employed,Finance,0,Salary,437434.16,35395.01,53,637,0.28,1,1,2,2,72,0.268,0.975,0.395,1,0,0,1,1758.2524999999998,0.0496737485383239,263130.6994197696,0.0,0.8505954846741052,Medium,"(0.35, 2.5]",High,Behavioral Risk
3,136052,888823.32,72,7.72,15462.72,Business,Branch,40,Male,Married,2,Bachelors,Employed,Construction,10,Salary,670988.56,56372.74,87,760,0.14,2,0,0,1,0,0.274,1.325,0.317,0,0,1,0,15559.747142857144,0.2760105528364295,319478.0989994619,0.7916666666666666,0.39734013259489015,Very High,"(0.229, 0.35]",Medium,High Exposure
4,147736,514441.22,60,6.74,10123.57,Medical,Agent,42,Male,Single,0,Bachelors,Employed,Finance,16,Salary,861373.57,70752.49,97,823,0.25,4,1,0,0,18,0.143,0.597,0.156,1,0,0,0,3289.425833333333,0.0464913579999139,458332.95054569625,0.0,0.6462003209512898,Medium,"(0.152, 0.229]",Medium,Low Risk
5,156914,718115.29,36,6.61,22045.49,Car,Agent,32,Female,Married,1,High School,Self-Employed,Finance,1,Business,900716.69,74973.53,76,811,0.35,2,0,0,0,0,0.294,0.797,0.312,0,0,0,0,23751.291739130436,0.3167914722390448,360240.0919081168,0.75,0.23123320300552502,High,"(0.229, 0.35]",Low,Low Risk
6,34959,770737.77,36,14.4,26491.97,Education,Agent,42,Female,Married,1,Bachelors,Employed,Services,6,Salary,1891692.83,160850.0,73,554,0.55,2,1,0,1,87,0.165,0.407,0.205,1,0,0,1,50085.13666666667,0.3113759732091605,875960.2695423557,0.7916666666666666,0.35924005257260944,High,"(0.152, 0.229]",Medium,Credit Risk
7,102807,421868.66,24,11.8,19819.44,Personal,Online,43,Male,Single,0,High School,Employed,Healthcare,18,Salary,809258.37,65861.72,100,574,0.18,0,0,0,2,0,0.301,0.521,0.371,1,0,0,0,2657.805,0.0403537084408296,439796.7920791249,0.0,0.6871343995858221,Medium,"(0.35, 2.5]",High,Credit Risk
8,108248,1511751.8,240,11.53,16153.03,Business,Online,44,Female,Divorced,0,PhD,Employed,IT,21,Salary,992834.24,82572.05,100,608,0.45,2,0,1,2,0,0.196,1.523,0.267,0,0,1,0,3958.1090909090913,0.0479346359485218,539416.8920539398,0.0,0.6582210415423227,Very High,"(0.229, 0.35]",High,High Exposure
9,160360,152088.62,240,16.5,2173.2,Car,Agent,35,Female,Married,2,High School,Unemployed,Unemployed,0,No Income,220114.25,17741.44,59,486,0.19,2,1,2,1,89,0.122,0.691,0.245,1,1,0,1,885.2514285714286,0.0498945707902311,122178.43836402376,0.0,0.7340246667397712,Low,"(0.229, 0.35]",High,Credit Risk
10,3408,799062.61,120,10.91,10966.42,Home,Online,39,Male,Single,1,Bachelors,Self-Employed,Manufacturing,7,Business,1478484.71,125715.73,73,669,0.16,2,1,0,2,46,0.087,0.54,0.127,1,0,0,1,30604.168695652173,0.2434375177882225,686775.1199110392,0.875,0.3313223310748713,High,"(0.013999999999999999, 0.152]",Medium,Low Risk
11,113155,1188327.65,240,11.08,12330.54,Business,Mobile App,48,Female,Married,4,Bachelors,Employed,Manufacturing,20,Salary,1405883.65,116008.51,100,629,0.27,1,1,1,1,85,0.106,0.845,0.137,1,0,0,0,46936.49714285714,0.4045918058171019,529681.9851291281,0.7083333333333334,0.209876896829342,Very High,"(0.013999999999999999, 0.152]",Low,Low Risk
12,93074,234251.32,12,10.39,20636.93,Car,Online,21,Female,Married,2,High School,Unemployed,Unemployed,0,No Income,194250.23,15688.61,36,658,0.31,1,0,0,0,0,1.315,1.206,1.331,1,1,1,0,6980.602499999999,0.444918802953037,71447.14594235571,0.75,0.21051501715738513,Low,"(0.35, 2.5]",Low,Financial Stress
13,80781,514339.34,84,8.88,8243.96,Personal,Mobile App,43,Male,Married,1,Bachelors,Employed,Services,16,Salary,1256215.12,105176.59,81,716,0.37,1,0,0,1,0,0.078,0.409,0.116,0,0,0,0,29613.32545454545,0.2815554668494063,572263.7209684531,0.875,0.3363887759482968,Medium,"(0.013999999999999999, 0.152]",Medium,Low Risk
14,31856,400485.7,36,11.18,13145.55,Education,Branch,27,Male,Married,1,Bachelors,Self-Employed,Manufacturing,3,Freelance,1111774.58,88566.52,63,657,0.27,2,0,0,2,0,0.148,0.36,0.207,0,0,0,0,31714.007142857143,0.358077172566841,405618.7854471376,0.75,0.19385659958644136,Medium,"(0.152, 0.229]",Low,Low Risk
15,81536,629146.24,84,7.78,9737.19,Home,Agent,61,Male,Married,1,Bachelors,Employed,IT,25,Salary,1937174.37,154064.15,100,729,0.32,1,0,0,0,0,0.063,0.325,0.079,0,0,0,0,7864.308461538461,0.0510453432300456,1080975.6575379125,0.0,0.7620292316447557,High,"(0.013999999999999999, 0.152]",High,Behavioral Risk
16,146817,343598.49,84,7.78,5317.82,Business,Agent,43,Female,Single,1,High School,Employed,IT,20,Salary,1037125.52,87269.59,95,733,0.61,1,0,0,0,0,0.061,0.331,0.091,0,0,0,0,34920.03904761905,0.4001352465661004,392478.1198286415,0.875,0.16573826979766348,Medium,"(0.013999999999999999, 0.152]",Low,Low Risk
17,68912,103792.02,24,12.11,4891.18,Personal,Agent,34,Male,Married,0,High School,Self-Employed,Education,8,Business,297989.47,25062.61,80,611,0.52,0,0,1,2,0,0.195,0.348,0.381,0,1,0,0,1030.8922222222222,0.0411310350832231,176588.6869604791,0.0,0.7657279557852625,Low,"(0.35, 2.5]",High,Behavioral Risk
18,166388,125788.87,60,9.29,2628.91,Personal,Agent,31,Male,Married,2,Bachelors,Unemployed,Unemployed,0,No Income,192419.34,15980.42,51,716,0.34,0,0,0,1,0,0.165,0.654,0.307,0,1,0,0,555.2133333333334,0.0347411765245724,111459.54615772449,0.0,0.7489120225375122,Low,"(0.229, 0.35]",High,Low Risk
19,82081,38430.64,72,12.43,759.95,Personal,Mobile App,38,Male,Married,4,Bachelors,Unemployed,Unemployed,0,No Income,177232.31,15060.28,53,615,0.4,2,0,0,2,0,0.05,0.217,0.336,0,1,0,0,3985.4025,0.2646124698564797,76660.54409981343,0.75,0.2786055468967597,Low,"(0.229, 0.35]",Medium,Low Risk
20,57721,1427991.01,12,10.5,125875.41,Education,Agent,57,Male,Married,0,Masters,Self-Employed,Finance,28,Business,2179859.17,181108.75,100,667,0.33,3,0,0,2,0,0.695,0.655,0.734,1,0,0,1,54123.77571428572,0.2988451793141214,919085.197649556,0.8333333333333334,0.2699269756301939,Very High,"(0.35, 2.5]",Medium,Financial Stress
21,49994,2068618.71,120,10.44,27843.45,Home,Online,56,Male,Divorced,0,Bachelors,Employed,Education,19,Salary,1995464.07,163166.69,100,622,0.63,3,0,0,1,0,0.171,1.037,0.214,0,0,1,0,7350.745000000001,0.0450502486123325,1117670.430469672,0.0,0.7250358638042647,Very High,"(0.152, 0.229]",High,Low Risk
22,8506,558135.14,60,9.39,11691.9,Business,Branch,34,Male,Married,2,High School,Employed,Services,13,Salary,908139.43,74755.03,77,738,0.41,3,0,0,1,0,0.156,0.615,0.204,0,0,0,0,22629.56375,0.30271221933535,371765.9988178476,0.9166666666666666,0.23506530860648953,High,"(0.152, 0.229]",Low,Low Risk
23,15048,1003009.27,24,7.31,45048.4,Personal,Mobile App,40,Male,Married,2,High School,Employed,Manufacturing,16,Salary,1411547.39,118352.23,90,758,0.41,0,0,0,2,0,0.381,0.711,0.435,0,0,0,0,31919.448695652176,0.2696964729703801,612543.0890465118,0.9166666666666666,0.269748835518052,Very High,"(0.35, 2.5]",Medium,Low Risk
24,46272,375228.34,24,10.27,17361.68,Business,Branch,43,Female,Married,2,High School,Self-Employed,Construction,2,Business,669830.06,56846.84,55,697,0.23,3,1,0,0,25,0.305,0.56,0.317,1,0,0,0,19756.70695652174,0.3475366338724873,275114.57345385,0.8333333333333334,0.23227343335325773,Medium,"(0.229, 0.35]",Low,Low Risk
25,16377,563002.03,12,5.62,48357.3,Personal,Mobile App,57,Female,Married,2,Masters,Employed,Services,12,Salary,1037266.46,87984.94,100,782,0.24,2,0,0,1,0,0.55,0.543,0.584,0,0,0,0,26642.58869565217,0.3028050697151405,444091.23070608656,0.8333333333333334,0.26509476387028114,High,"(0.35, 2.5]",Medium,Low Risk
26,90151,319029.27,60,10.26,6819.31,Home,Mobile App,46,Female,Married,0,Bachelors,Employed,Manufacturing,23,Salary,606887.83,48598.28,100,623,0.26,0,0,1,1,0,0.14,0.526,0.194,0,0,0,0,13586.819,0.2795683187076022,264193.2549806064,0.75,0.3561593515906456,Medium,"(0.152, 0.229]",Medium,Low Risk
27,154329,679004.82,48,8.43,16713.89,Home,Mobile App,58,Female,Single,0,Bachelors,Employed,Construction,36,Salary,1295440.81,102852.07,100,715,0.3,2,0,1,2,0,0.163,0.524,0.216,0,0,0,1,5374.709,0.052256184477527,714139.4658236037,0.0,0.7467814849729778,High,"(0.152, 0.229]",High,Low Risk
28,98921,704208.52,240,11.18,7355.22,Home,Online,18,Female,Single,0,Bachelors,Employed,Manufacturing,0,Salary,1185276.44,99352.37,49,648,0.58,2,0,0,1,0,0.074,0.594,0.123,0,0,0,0,26578.811818181817,0.267517969628829,510742.73436729953,0.875,0.2688624089522388,High,"(0.013999999999999999, 0.152]",Medium,Low Risk
29,43530,372919.06,84,8.75,5952.72,Education,Mobile App,31,Female,Married,4,High School,Employed,Education,7,Salary,650124.34,54941.98,92,679,0.52,2,0,0,1,0,0.108,0.574,0.171,0,0,0,0,2393.626153846154,0.0435656412128747,388091.12068478647,0.0,0.770162794998018,Medium,"(0.152, 0.229]",High,Behavioral Risk
30,126029,654492.42,240,14.13,8200.62,Home,Branch,29,Female,Single,0,Bachelors,Employed,Retail,2,Salary,1078617.29,86130.54,71,467,0.92,0,0,3,2,0,0.095,0.607,0.188,1,0,0,0,26336.51636363636,0.3057708751479001,432321.4692672094,0.7916666666666666,0.26699237940837595,High,"(0.152, 0.229]",Medium,Credit Risk
31,167632,2219375.48,24,8.19,100568.77,Personal,Online,34,Male,Married,3,Bachelors,Employed,IT,9,Salary,1761085.41,147072.9,88,665,0.33,1,0,0,2,0,0.684,1.26,0.727,1,0,1,1,7289.913636363636,0.0495663311869994,1008723.0070234594,0.0,0.7280609209316813,Very High,"(0.35, 2.5]",High,Financial Stress
32,103091,535364.36,60,13.0,12181.18,Car,Branch,36,Male,Divorced,0,Bachelors,Employed,Retail,7,Salary,393588.33,33164.0,86,576,0.4,3,1,0,2,49,0.367,1.36,0.508,1,0,1,0,9986.800909090907,0.3011247070432959,164194.73813807915,0.9166666666666666,0.22992943949272776,High,"(0.35, 2.5]",Low,Credit Risk
33,146254,1087487.72,36,9.37,34769.39,Medical,Agent,36,Male,Married,3,Masters,Self-Employed,Healthcare,6,Business,782125.57,62167.23,73,680,0.32,4,0,0,4,0,0.559,1.39,0.704,1,0,1,1,3902.3408333333336,0.0627706600836686,442069.3203635992,0.0,0.7851492697287442,Very High,"(0.35, 2.5]",High,Behavioral Risk
34,96493,353041.55,48,9.34,8842.56,Business,Online,18,Female,Single,0,High School,Employed,Education,0,Salary,450131.66,38152.28,75,686,0.16,3,0,0,2,0,0.232,0.784,0.345,0,0,0,1,15972.77842105263,0.4186475820965492,163296.1782766752,0.6666666666666666,0.15969695045584706,Medium,"(0.229, 0.35]",Low,Low Risk
35,136777,4700163.19,72,5.84,77540.78,Business,Online,36,Male,Married,1,PhD,Self-Employed,Education,9,Business,4178175.16,350000.0,61,795,0.1,2,0,0,1,0,0.222,1.125,0.232,0,0,1,0,11886.476666666667,0.0339612648725765,2425617.324129182,0.0,0.739341982384043,Very High,"(0.229, 0.35]",High,Low Risk
36,120768,738614.91,24,10.62,34295.08,Personal,Agent,39,Male,Single,1,High School,Employed,Education,3,Salary,1269958.99,105062.97,66,657,0.57,3,0,0,1,0,0.326,0.582,0.374,0,0,0,0,5296.280000000001,0.0504100501818082,728870.528738038,0.0,0.7450533547825343,High,"(0.35, 2.5]",High,Low Risk
37,34792,755189.56,120,5.38,8150.96,Home,Online,45,Male,Divorced,0,Masters,Self-Employed,Finance,19,Business,1402468.44,112031.52,100,810,0.07,2,0,0,1,0,0.073,0.538,0.094,0,0,0,0,5597.9114285714295,0.0499668438108098,763704.3141459383,0.0,0.7192612297642993,High,"(0.013999999999999999, 0.152]",High,Low Risk
38,148186,214026.17,84,9.7,3520.0,Medical,Online,30,Female,Married,1,High School,Self-Employed,Healthcare,4,Freelance,420562.65,35442.93,52,689,0.3,0,0,0,1,0,0.099,0.509,0.171,0,0,0,0,11385.826190476191,0.3212348684380144,182099.77468046392,0.7916666666666666,0.29615028528130133,Low,"(0.152, 0.229]",Medium,Low Risk
39,165171,735099.48,60,11.12,16026.87,Home,Branch,44,Male,Married,3,Bachelors,Employed,IT,10,Salary,918969.94,76221.58,89,584,0.53,1,0,0,2,0,0.21,0.8,0.289,0,0,0,1,5126.7875,0.0672607447819268,551121.5859823159,0.0,0.8117583151228734,High,"(0.229, 0.35]",High,Behavioral Risk
40,140283,333635.65,36,11.55,11009.91,Personal,Mobile App,36,Female,Single,2,Bachelors,Self-Employed,Finance,6,Freelance,624828.7,51904.9,57,617,0.36,3,0,2,2,0,0.212,0.534,0.307,0,0,0,0,3278.090909090909,0.0631544951362159,364463.3573022872,0.0,0.7662442860568806,Medium,"(0.229, 0.35]",High,Behavioral Risk
41,100931,471950.65,60,8.42,9664.6,Home,Mobile App,21,Female,Widowed,0,Masters,Employed,Manufacturing,0,Salary,695959.3,58248.31,81,701,0.3,3,0,0,3,0,0.166,0.678,0.284,0,0,0,0,23202.6875,0.3983341176058566,276459.0633466042,0.75,0.23957065350222093,Medium,"(0.229, 0.35]",Low,Low Risk
42,94085,402433.02,72,7.14,6888.17,Medical,Online,18,Female,Single,0,High School,Employed,Healthcare,0,Salary,481027.6,40853.31,67,802,0.31,0,0,0,1,0,0.169,0.837,0.233,0,0,0,0,1773.0800000000002,0.0434000721098949,284939.77727275074,0.0,0.7511701473035797,Medium,"(0.229, 0.35]",High,Behavioral Risk
43,99305,742487.36,84,8.89,11904.53,Business,Online,38,Female,Married,1,High School,Employed,Construction,7,Salary,1623556.96,134146.46,80,696,0.16,3,0,0,1,0,0.089,0.457,0.112,0,0,0,0,7076.631666666667,0.0527526325632007,928509.2942138106,0.0,0.7422787824517604,High,"(0.013999999999999999, 0.152]",High,Low Risk
44,40791,322641.13,72,11.21,6175.94,Medical,Mobile App,36,Male,Single,0,High School,Employed,Manufacturing,2,Salary,882311.04,73871.24,67,600,0.4,0,0,1,3,0,0.084,0.366,0.185,0,0,0,0,3179.5366666666664,0.0430410214536159,491415.6312062281,0.0,0.682446303966543,Medium,"(0.152, 0.229]",High,Low Risk
45,86268,911417.17,48,11.02,23564.91,Car,Online,24,Female,Married,2,High School,Self-Employed,Education,1,Business,912040.16,74794.14,58,622,0.51,0,0,1,0,0,0.315,0.999,0.341,0,0,0,0,22594.90142857143,0.3020905025188993,376679.81707765954,0.75,0.27673551878878905,Very High,"(0.229, 0.35]",Medium,Low Risk
46,161859,130090.7,240,6.53,972.22,Education,Online,34,Female,Married,2,High School,Employed,Retail,0,Salary,677957.85,56813.01,65,776,0.22,2,0,0,0,0,0.017,0.192,0.028,0,0,0,0,2198.211111111111,0.03869135642971,407772.4702610137,0.0,0.7931499851474357,Low,"(0.013999999999999999, 0.152]",High,Behavioral Risk
47,179888,403353.88,36,8.19,12675.03,Business,Branch,19,Female,Single,0,Bachelors,Employed,Construction,0,Salary,1265257.64,107515.5,66,760,0.13,1,1,0,3,26,0.118,0.319,0.18,1,0,0,1,4060.036666666667,0.0377619869198371,671834.1546027398,0.0,0.5951572502459305,Medium,"(0.152, 0.229]",Medium,Low Risk
48,90834,1458219.31,48,8.75,36114.99,Car,Online,28,Male,Married,0,Bachelors,Employed,Manufacturing,6,Salary,1491715.84,123547.91,70,765,0.27,3,1,0,0,58,0.292,0.978,0.306,1,0,0,0,5016.6525,0.0406045872845013,862812.6391540138,0.0,0.752380275633159,Very High,"(0.229, 0.35]",High,Behavioral Risk
49,156851,331066.21,36,5.15,9944.66,Personal,Agent,51,Male,Widowed,1,Bachelors,Employed,IT,13,Salary,628794.48,50560.69,95,796,0.42,1,0,0,0,0,0.197,0.527,0.218,0,0,0,0,15517.428,0.3069008967065776,254617.60965362412,0.8333333333333334,0.2636890075109344,Medium,"(0.152, 0.229]",Medium,Low Risk
50,29855,679054.21,120,5.85,7487.84,Education,Mobile App,27,Female,Married,1,Masters,Employed,Manufacturing,4,Salary,529227.98,43280.19,77,823,0.35,0,0,0,2,0,0.173,1.283,0.283,0,0,1,0,14873.45608695652,0.3436471152238772,212118.5495596912,0.8333333333333334,0.24436517881691727,High,"(0.229, 0.35]",Low,High Exposure
51,20094,724642.03,120,6.23,8128.96,Medical,Online,48,Male,Married,1,High School,Employed,Education,6,Salary,1105778.66,93008.98,56,836,0.08,0,0,0,1,0,0.087,0.655,0.113,0,0,0,0,26808.889523809525,0.2882366980813191,524893.1671165422,0.75,0.40250785791740523,High,"(0.013999999999999999, 0.152]",Medium,Low Risk
52,56587,188841.43,24,8.56,8589.1,Home,Online,40,Female,Married,2,High School,Unemployed,Unemployed,0,No Income,224522.32,17927.59,41,714,0.38,1,0,0,1,0,0.479,0.841,0.61,1,1,0,0,6026.325000000001,0.3361293330931211,83781.54799840461,0.875,0.18682150831535368,Low,"(0.35, 2.5]",Low,Low Risk
53,36140,1053967.72,36,5.33,31744.75,Personal,Mobile App,31,Male,Married,1,Bachelors,Employed,Finance,1,Salary,1032252.14,82646.65,54,802,0.29,2,0,0,0,0,0.384,1.021,0.399,0,0,1,0,4789.085,0.0579458097114679,548596.2758347751,0.0,0.6831748373633092,Very High,"(0.35, 2.5]",High,Low Risk
54,175250,981499.17,360,11.66,9839.7,Home,Mobile App,36,Female,Divorced,0,Bachelors,Employed,Finance,11,Salary,1080895.72,87991.08,86,591,0.3,0,0,0,0,0,0.112,0.908,0.127,0,0,0,0,32397.00952380952,0.3681809717852961,427381.00190706993,0.7916666666666666,0.24838403307437423,Very High,"(0.013999999999999999, 0.152]",Low,Low Risk
55,24630,354195.78,360,7.44,2462.05,Car,Mobile App,33,Female,Single,1,High School,Employed,Healthcare,4,Salary,1016964.68,86250.8,83,712,0.26,1,0,0,1,0,0.029,0.348,0.065,0,0,0,0,21667.293478260868,0.2512097542110526,475452.22647894325,0.875,0.34384859820300917,Medium,"(0.013999999999999999, 0.152]",Medium,Low Risk
56,124303,1186714.2,72,7.97,20789.57,Car,Online,33,Male,Married,2,Masters,Employed,Manufacturing,11,Salary,1869686.14,154723.06,85,720,0.21,1,0,0,0,0,0.134,0.635,0.145,0,0,0,0,8260.040769230769,0.053385625798798,1035562.9889123108,0.0,0.693763028867756,Very High,"(0.013999999999999999, 0.152]",High,Low Risk
57,40396,1394297.07,60,8.62,28686.85,Business,Online,38,Male,Married,0,Bachelors,Self-Employed,Retail,6,Business,1641872.09,137013.79,62,694,0.33,2,0,0,4,0,0.209,0.849,0.284,0,0,0,1,8379.996666666666,0.0611612561437102,895220.7747935369,0.0,0.6618459339079487,Very High,"(0.229, 0.35]",High,Low Risk
58,53208,2226098.96,240,17.81,34030.49,Personal,Mobile App,37,Male,Single,0,PhD,Employed,Manufacturing,10,Salary,1622843.57,132841.65,95,386,0.43,3,1,1,0,38,0.256,1.372,0.278,1,0,1,1,44188.987,0.3326415650395412,688319.900525199,0.75,0.31548653402367344,Very High,"(0.229, 0.35]",Medium,Credit Risk
59,124797,1815898.99,48,12.2,47998.1,Home,Mobile App,30,Male,Single,0,Bachelors,Employed,Education,5,Salary,1777656.95,143126.43,73,560,0.23,0,0,1,0,0,0.335,1.022,0.347,1,0,1,0,8093.726153846154,0.056549091630068,963977.4468341268,0.0,0.7035433781228819,Very High,"(0.229, 0.35]",High,Credit Risk
60,56882,393023.95,36,6.44,12035.06,Business,Branch,42,Male,Single,1,Bachelors,Employed,Finance,21,Salary,315196.69,26787.26,100,807,0.4,2,0,0,0,0,0.449,1.247,0.469,0,0,1,0,12917.198333333334,0.4821962431801593,113043.99937113194,0.7083333333333334,0.1560405826375902,Medium,"(0.35, 2.5]",Low,High Exposure
61,150261,664578.07,24,8.19,30114.69,Business,Mobile App,58,Female,Married,4,High School,Employed,Manufacturing,29,Salary,1821300.27,151519.6,100,743,0.53,2,0,0,0,0,0.199,0.365,0.225,0,0,0,0,5841.444545454546,0.0385521476647699,1035313.9781425304,0.0,0.7197552022571411,High,"(0.152, 0.229]",High,Low Risk
62,21770,1103931.43,24,6.61,49230.91,Personal,Online,36,Female,Married,1,Bachelors,Employed,Construction,3,Salary,564532.69,45797.92,60,763,0.32,0,0,0,2,0,1.075,1.955,1.178,1,0,1,0,2706.103333333333,0.0590866189275496,330605.46517834783,0.0,0.8071580359100416,Very High,"(0.35, 2.5]",High,Behavioral Risk
63,11530,195856.68,24,10.05,9042.31,Personal,Online,26,Male,Divorced,0,High School,Employed,Retail,2,Salary,958690.42,76650.8,70,651,0.52,1,0,0,1,0,0.118,0.204,0.17,0,0,0,0,23246.34523809524,0.3032720071556732,420247.131544456,0.625,0.39339010239874117,Low,"(0.152, 0.229]",Medium,Low Risk
64,141765,149256.11,12,7.54,12951.83,Education,Mobile App,22,Male,Married,3,Masters,Employed,Retail,0,Salary,482932.65,38558.27,64,753,0.22,0,0,0,0,0,0.336,0.309,0.347,0,0,0,0,15378.617391304348,0.3988306156030534,173091.85199565455,0.875,0.16364303434760047,Low,"(0.229, 0.35]",Low,Low Risk
65,12269,157605.71,240,5.0,1040.13,Medical,Agent,27,Female,Married,1,High School,Self-Employed,Manufacturing,6,Freelance,470932.73,40025.25,64,818,0.23,0,0,0,0,0,0.026,0.335,0.037,0,0,0,0,2023.1821428571427,0.0505463825079077,266708.42427636986,0.0,0.6867281166901754,Low,"(0.013999999999999999, 0.152]",High,Low Risk
66,165747,430274.39,60,6.3,8378.56,Home,Mobile App,26,Male,Married,3,Bachelors,Self-Employed,Manufacturing,2,Business,952412.24,75759.15,60,820,0.23,0,0,0,2,0,0.111,0.452,0.175,0,0,0,0,3303.719,0.0436076090134457,520591.66813491663,0.0,0.7292987266987621,Medium,"(0.152, 0.229]",High,Low Risk
67,12871,46736.65,36,7.2,1447.37,Education,Mobile App,40,Male,Married,2,Bachelors,Unemployed,Unemployed,0,No Income,172607.6,13848.91,39,789,0.13,1,0,0,1,0,0.105,0.271,0.255,0,1,0,0,3901.568636363636,0.2817035371611538,66640.85222628078,0.8333333333333334,0.20952117710313922,Low,"(0.229, 0.35]",Low,Low Risk
68,54941,163647.92,12,5.84,14072.56,Home,Agent,49,Female,Single,0,High School,Self-Employed,Manufacturing,24,Business,505244.35,41635.76,100,832,0.31,0,0,0,1,0,0.338,0.324,0.402,0,0,0,0,12220.82,0.2935103499888079,201380.80367716117,0.875,0.21075637556332902,Low,"(0.35, 2.5]",Low,Low Risk
69,15638,380757.93,360,8.09,2817.79,Personal,Agent,33,Female,Married,1,Bachelors,Employed,Construction,8,Salary,1118617.12,93127.29,95,753,0.45,2,0,0,1,0,0.03,0.34,0.074,0,0,0,0,2686.59375,0.0288483096811935,669646.5968280312,0.0,0.7934582856455719,Medium,"(0.013999999999999999, 0.152]",High,Behavioral Risk
70,77654,719951.65,48,7.06,17260.19,Home,Online,31,Female,Married,2,Bachelors,Employed,Retail,8,Salary,1425008.37,119821.17,85,755,0.56,1,0,0,1,0,0.144,0.505,0.189,0,0,0,0,36851.54869565217,0.3075520055733607,593077.2547011051,0.7916666666666666,0.2526112837174973,High,"(0.152, 0.229]",Low,Low Risk
71,86078,867033.66,60,6.95,17147.86,Business,Mobile App,47,Female,Married,1,High School,Employed,Manufacturing,9,Salary,1481626.42,122132.25,78,804,0.09,1,0,0,0,0,0.14,0.585,0.145,0,0,0,0,32294.41782608696,0.2644195403470141,614649.2015839273,0.9166666666666666,0.23796208487300588,High,"(0.013999999999999999, 0.152]",Low,Low Risk
72,60878,181540.42,120,8.57,2257.64,Business,Online,28,Female,Single,0,Bachelors,Unemployed,Unemployed,0,No Income,205818.26,16581.62,45,754,0.39,1,0,0,0,0,0.136,0.882,0.156,0,1,0,0,811.0733333333334,0.0489110486360619,107780.0320193257,0.0,0.6514381494868953,Low,"(0.152, 0.229]",Medium,Low Risk
73,169298,161755.57,360,8.26,1216.35,Business,Mobile App,49,Male,Divorced,1,Bachelors,Unemployed,Unemployed,0,No Income,165772.49,13287.38,57,735,0.29,2,0,0,2,0,0.092,0.976,0.407,0,1,0,0,4924.394090909091,0.3705789637946153,63543.245722437736,0.8333333333333334,0.2258905588071174,Low,"(0.35, 2.5]",Low,Low Risk
74,60572,1171740.74,36,5.0,35118.12,Home,Mobile App,42,Male,Single,0,High School,Employed,Construction,7,Salary,583052.44,48802.38,89,828,0.25,1,0,0,2,0,0.72,2.01,0.814,1,0,1,1,2269.1145454545454,0.0464950285298794,318226.3282515412,0.0,0.6552930074680514,Very High,"(0.35, 2.5]",High,Financial Stress
75,115922,321638.17,24,7.92,14535.09,Business,Branch,35,Female,Single,0,High School,Employed,Education,2,Salary,630051.62,52933.35,59,740,0.42,2,0,0,0,0,0.275,0.51,0.296,0,0,0,0,2558.457692307692,0.0483326553043098,396628.6527891115,0.0,0.8628021986323067,Medium,"(0.229, 0.35]",High,Behavioral Risk
76,176636,206596.54,60,8.59,4247.61,Car,Agent,37,Male,Single,0,Bachelors,Employed,Finance,3,Salary,534763.21,42794.53,65,743,0.32,3,1,0,2,74,0.099,0.386,0.209,1,0,0,1,16440.51318181818,0.3841642615903619,187186.0485215976,0.875,0.13540237118255238,Low,"(0.152, 0.229]",Low,Low Risk
77,101904,321977.11,36,6.4,9853.63,Business,Branch,36,Female,Widowed,0,High School,Employed,IT,10,Salary,398415.23,33136.65,81,777,0.1,1,0,0,0,0,0.297,0.808,0.302,0,0,0,0,9180.93090909091,0.2770543749810535,172031.2533706185,0.875,0.28210534797097075,Medium,"(0.229, 0.35]",Medium,Low Risk
78,142452,239104.98,60,9.46,5016.98,Business,Branch,35,Non-Binary,Single,0,Bachelors,Employed,Services,14,Salary,451441.0,38245.98,80,715,0.72,3,0,0,1,0,0.131,0.53,0.219,0,0,0,1,1873.834,0.0489929923878957,275714.6197205786,0.0,0.8024842867327898,Low,"(0.152, 0.229]",High,Behavioral Risk
79,90170,808941.98,240,16.22,11388.18,Medical,Mobile App,19,Male,Single,0,Masters,Employed,Healthcare,0,Salary,1113966.75,90751.53,74,550,0.5,6,3,2,1,150,0.125,0.726,0.173,1,0,0,1,3222.2164285714284,0.0355055272681811,672044.6968338032,0.0,0.8408711526097288,High,"(0.152, 0.229]",High,Behavioral Risk
80,127755,490424.56,36,16.07,17258.83,Car,Mobile App,30,Female,Married,0,High School,Employed,Manufacturing,4,Salary,1253112.76,106063.59,86,476,0.39,2,2,1,0,156,0.163,0.391,0.182,1,0,0,0,33011.0852173913,0.3112356840052962,521394.3373166384,0.875,0.2321529631564776,Medium,"(0.152, 0.229]",Low,Credit Risk
81,159925,528299.79,240,8.47,4574.68,Home,Branch,49,Female,Single,1,High School,Employed,Education,0,Salary,652100.69,52317.44,74,702,0.18,3,0,0,2,0,0.087,0.81,0.173,0,0,0,0,2824.6275,0.0539891384376139,355059.32981642924,0.0,0.7138357927570528,High,"(0.152, 0.229]",High,Low Risk
82,4374,1100132.1,240,9.28,10097.15,Home,Online,39,Male,Single,0,High School,Employed,Construction,1,Salary,602410.05,48665.55,75,643,0.4,0,0,2,3,0,0.207,1.826,0.351,0,0,1,0,12011.308636363636,0.246808303369843,263560.3749085442,0.7916666666666666,0.3363204078820996,Very High,"(0.35, 2.5]",Medium,High Exposure
83,130237,457013.8,60,11.85,10131.41,Home,Mobile App,39,Female,Married,3,PhD,Employed,Manufacturing,8,Salary,866994.43,69209.48,95,638,0.38,2,0,2,0,0,0.146,0.527,0.165,0,0,0,0,24466.256086956524,0.3535050773662677,328178.78763496736,0.7916666666666666,0.22008331435501274,Medium,"(0.152, 0.229]",Low,Low Risk
84,139818,962568.17,72,7.42,16605.65,Home,Mobile App,34,Male,Single,0,Masters,Employed,Manufacturing,10,Salary,1473210.86,120328.07,100,761,0.19,2,0,0,0,0,0.138,0.653,0.148,0,0,0,0,4625.893636363637,0.0384436914235573,872791.8515640191,0.0,0.8092817921358514,Very High,"(0.013999999999999999, 0.152]",High,Behavioral Risk
85,152912,683188.43,48,7.87,16636.97,Education,Branch,36,Male,Divorced,0,Bachelors,Employed,Finance,11,Salary,686390.69,57294.55,78,705,0.4,3,0,0,0,0,0.29,0.995,0.31,0,0,0,0,21560.800526315787,0.3763084659509471,259729.90557048743,0.75,0.1885901541504488,High,"(0.229, 0.35]",Low,Low Risk
86,30148,1043195.22,60,14.32,24446.74,Car,Mobile App,52,Female,Divorced,0,Bachelors,Employed,Education,22,Salary,1364161.73,113380.03,100,498,0.29,2,0,1,0,0,0.216,0.765,0.23,1,0,0,0,4867.57,0.0429310793877952,851710.0996027788,0.0,0.865486409510735,Very High,"(0.229, 0.35]",High,Behavioral Risk
87,115074,350812.26,36,9.99,11318.08,Car,Agent,18,Female,Single,0,Bachelors,Unemployed,Unemployed,0,No Income,186456.63,15163.13,62,717,0.4,1,0,0,0,0,0.746,1.881,0.766,1,1,1,0,763.8291666666668,0.0503707872899181,98899.20221973356,0.0,0.6565682489988691,Medium,"(0.35, 2.5]",High,Financial Stress
88,75284,316068.61,120,11.06,4364.59,Personal,Branch,33,Female,Single,0,High School,Employed,IT,7,Salary,773711.59,65767.9,70,633,0.73,0,0,2,0,0,0.066,0.409,0.103,0,0,0,0,17136.335454545453,0.2605537792869495,368856.574201212,0.75,0.3879736888246031,Medium,"(0.013999999999999999, 0.152]",Medium,Low Risk
89,82961,151423.95,24,7.32,6801.63,Business,Online,41,Female,Single,0,High School,Self-Employed,Healthcare,5,Business,445666.97,35936.98,58,761,0.25,2,0,0,0,0,0.189,0.34,0.202,0,0,0,0,8329.735416666666,0.2317808462430739,195955.02220412425,0.875,0.32615261992692984,Low,"(0.152, 0.229]",Medium,Low Risk
90,123304,1442191.92,60,11.15,31464.74,Business,Agent,51,Female,Married,0,Bachelors,Self-Employed,IT,17,Freelance,1162151.64,94463.88,91,626,0.23,0,0,2,3,0,0.333,1.241,0.408,0,0,1,1,36091.8995,0.3820668538402843,427784.4017395608,0.7916666666666666,0.18197147676548286,Very High,"(0.35, 2.5]",Low,High Exposure
91,48751,292628.76,240,8.27,2497.06,Business,Branch,43,Female,Divorced,0,High School,Employed,Healthcare,1,Salary,748340.74,60283.75,75,734,0.61,1,0,0,4,0,0.041,0.391,0.205,0,0,0,1,3286.3573333333334,0.0545139082990861,411803.21796069614,0.0,0.7234383029241631,Medium,"(0.152, 0.229]",High,Low Risk
92,92934,53767.79,72,10.08,998.26,Business,Mobile App,35,Male,Married,1,High School,Unemployed,Unemployed,0,No Income,194829.83,15463.27,47,727,0.61,1,0,0,0,0,0.065,0.276,0.095,0,1,0,0,5676.351304347825,0.3670623511066364,70869.16896226545,0.9166666666666666,0.1683984836289528,Low,"(0.013999999999999999, 0.152]",Low,Low Risk
93,81193,665497.14,48,9.92,16853.17,Business,Online,57,Male,Married,3,Bachelors,Employed,Manufacturing,14,Salary,917461.69,74893.09,85,660,0.26,1,0,0,0,0,0.225,0.725,0.238,0,0,0,0,28934.859090909093,0.3863436900149143,354269.752416635,0.7916666666666666,0.226031528579681,High,"(0.229, 0.35]",Low,Low Risk
94,67530,1288917.99,60,10.12,27461.86,Home,Online,37,Male,Married,2,Bachelors,Self-Employed,Education,2,Business,1315684.96,107680.98,56,646,0.54,0,0,0,0,0,0.255,0.98,0.282,0,0,0,0,30480.516,0.2830605083598945,580544.0759502763,0.8333333333333334,0.33329989585959113,Very High,"(0.229, 0.35]",Medium,Low Risk
95,86855,1039659.82,60,13.45,23895.64,Home,Online,49,Male,Married,0,Bachelors,Self-Employed,Finance,26,Business,982210.85,81698.4,100,522,0.26,1,0,0,2,0,0.292,1.058,0.354,1,0,1,0,4661.31,0.0570543969723155,533427.2579782282,0.0,0.659815333830797,Very High,"(0.35, 2.5]",High,Credit Risk
96,90244,799168.46,60,12.31,17902.51,Home,Branch,41,Female,Single,0,High School,Employed,IT,14,Salary,666186.57,55549.03,80,609,0.52,4,1,0,0,85,0.322,1.2,0.348,1,0,1,0,18339.66,0.3301467163924124,287338.21023592807,0.75,0.3129611436569839,High,"(0.229, 0.35]",Medium,Low Risk
97,23246,1555369.82,120,8.58,19350.97,Car,Mobile App,36,Male,Married,2,Bachelors,Employed,Manufacturing,10,Salary,1549451.93,127046.3,83,704,0.21,1,0,0,3,0,0.152,1.004,0.21,0,0,1,1,34939.1975,0.2750093665902384,630984.6595219548,0.875,0.2336952762940641,Very High,"(0.152, 0.229]",Low,Low Risk
98,33917,990734.95,48,14.22,27182.76,Education,Mobile App,63,Female,Married,4,High School,Employed,Education,8,Salary,1311018.85,106677.51,81,513,0.43,3,0,1,0,0,0.255,0.756,0.276,1,0,0,0,43297.905000000006,0.4058727948112512,501184.68481766246,0.75,0.23126502282089034,Very High,"(0.229, 0.35]",Low,Credit Risk
99,45430,1185939.27,36,10.18,38367.23,Personal,Mobile App,52,Female,Married,3,High School,Employed,Services,6,Salary,990042.57,80247.61,79,682,0.63,1,1,0,1,53,0.478,1.198,0.535,1,0,1,1,4142.796363636364,0.0516245248813202,533697.3547921375,0.0,0.6842804028695763,Very High,"(0.35, 2.5]",High,Low Risk
100,79473,602348.12,48,10.81,15512.48,Business,Online,35,Female,Single,1,Masters,Employed,Retail,11,Salary,768028.12,63320.54,82,626,0.64,1,0,1,4,0,0.245,0.784,0.403,0,0,0,1,21816.461904761905,0.3445346070983413,287545.99337112694,0.75,0.1821499437519236,High,"(0.35, 2.5]",Low,Low Risk
101,54382,469704.98,240,13.65,5721.87,Education,Mobile App,33,Male,Single,1,Bachelors,Employed,IT,6,Salary,850757.41,71817.87,89,493,0.35,1,0,0,3,0,0.08,0.552,0.181,1,0,0,1,3375.325833333334,0.0469977574603072,484824.30684470414,0.0,0.7044148950635766,Medium,"(0.152, 0.229]",High,Credit Risk
102,108556,1679234.78,60,6.61,32942.75,Home,Branch,42,Female,Married,1,Bachelors,Employed,Finance,20,Salary,1183059.24,100052.53,90,814,0.18,0,0,0,3,0,0.329,1.419,0.398,0,0,1,0,43060.5655,0.4303752751152307,490727.8608724684,0.7916666666666666,0.2744160827898704,Very High,"(0.35, 2.5]",Medium,High Exposure
103,98865,915835.93,72,7.52,15843.78,Home,Online,28,Male,Married,3,Masters,Employed,Finance,2,Salary,1057911.39,89168.64,64,765,0.66,2,0,0,2,0,0.178,0.866,0.256,0,0,0,0,3962.1666666666665,0.0444340323305854,565549.8568803186,0.0,0.616824396394485,Very High,"(0.229, 0.35]",Medium,Low Risk
104,20918,459829.89,240,8.65,4034.27,Business,Online,25,Female,Single,0,Bachelors,Employed,Finance,4,Salary,852144.86,71231.27,70,781,0.2,1,0,0,2,0,0.057,0.54,0.123,0,0,0,0,24115.294444444444,0.3385445170348276,364573.28458620695,0.625,0.32479388715005414,Medium,"(0.013999999999999999, 0.152]",Medium,Low Risk
105,75699,449744.04,60,10.67,9704.67,Home,Mobile App,53,Female,Married,1,Masters,Employed,Healthcare,14,Salary,967010.62,77667.27,87,603,0.54,4,0,1,1,0,0.125,0.465,0.178,0,0,0,0,27885.96478260869,0.3590393449295149,354522.00533068104,0.7916666666666666,0.18376698499848285,Medium,"(0.152, 0.229]",Low,Low Risk
106,177133,212485.25,36,14.58,7322.24,Business,Branch,31,Male,Single,2,High School,Employed,Retail,10,Salary,601437.89,50009.37,94,510,0.37,3,1,0,3,52,0.146,0.353,0.285,1,0,0,1,14715.781818181818,0.2942546079579459,265047.5291095121,0.9166666666666666,0.30249381624521143,Low,"(0.229, 0.35]",Medium,Credit Risk
107,11434,449319.13,48,6.8,10717.86,Business,Online,37,Female,Married,1,Bachelors,Employed,Retail,9,Salary,954312.58,76506.52,76,804,0.25,0,0,0,0,0,0.14,0.471,0.153,0,0,0,0,28772.63157894737,0.376075862594257,348553.2294542525,0.625,0.21464719146601297,Medium,"(0.152, 0.229]",Low,Low Risk
108,145324,690471.18,24,7.15,30961.15,Education,Branch,26,Female,Married,2,Bachelors,Employed,Finance,1,Salary,1163281.37,97335.12,55,788,0.14,2,0,0,1,0,0.318,0.594,0.346,0,0,0,0,28462.7575,0.292417218808393,495005.6426578569,0.75,0.2847779181182002,High,"(0.229, 0.35]",Medium,Low Risk
109,147595,464734.66,36,9.22,14826.07,Education,Branch,44,Male,Single,0,High School,Employed,Healthcare,21,Salary,949573.45,78580.77,100,700,0.35,5,0,0,1,0,0.189,0.489,0.232,0,0,0,0,3612.748333333333,0.0459743822687289,549115.5797344348,0.0,0.7546580225633098,Medium,"(0.229, 0.35]",High,Behavioral Risk
110,119635,460897.01,36,8.66,14583.58,Home,Branch,38,Female,Single,1,High School,Employed,Finance,9,Salary,812787.75,66013.93,75,720,0.36,4,1,0,2,47,0.221,0.567,0.3,1,0,0,0,3515.597272727273,0.0532545785131829,454948.4297818464,0.0,0.7360276036393355,Medium,"(0.229, 0.35]",High,Low Risk
111,51240,1001876.54,48,7.08,24028.38,Home,Agent,18,Female,Single,0,High School,Employed,Retail,0,Salary,1708237.63,137312.68,62,786,0.24,2,0,0,0,0,0.175,0.586,0.187,0,0,0,0,6587.791538461538,0.0479762215859449,917222.4652355552,0.0,0.6895684599009582,Very High,"(0.152, 0.229]",High,Low Risk
112,172861,1327851.76,48,16.79,38171.1,Home,Online,31,Female,Married,2,PhD,Employed,Education,8,Salary,749346.74,62439.48,86,543,0.42,6,3,0,0,216,0.611,1.772,0.632,1,0,1,1,2419.173076923077,0.0387436655983918,412477.2209456997,0.0,0.6714865623607131,Very High,"(0.35, 2.5]",High,Credit Risk
113,103026,1359825.44,240,6.5,10138.49,Car,Branch,18,Male,Single,0,High School,Employed,Retail,0,Salary,1318215.43,110922.25,67,777,0.82,1,0,0,1,0,0.091,1.032,0.15,0,0,1,0,3988.12,0.0359538690040185,735865.5396093881,0.0,0.676753167792825,Very High,"(0.013999999999999999, 0.152]",High,Low Risk
114,40097,461674.07,36,15.53,16124.17,Home,Mobile App,39,Male,Married,2,Bachelors,Employed,Finance,12,Salary,673071.11,55107.31,92,501,0.55,4,2,1,0,30,0.293,0.686,0.32,1,0,0,1,21391.17652173913,0.3881660773436734,239198.4263720276,0.7916666666666666,0.14349878269471578,Medium,"(0.229, 0.35]",Low,Credit Risk
115,124365,63309.71,60,13.21,1447.31,Car,Mobile App,55,Male,Married,1,High School,Unemployed,Unemployed,0,No Income,179753.92,14448.85,34,604,0.36,0,0,0,0,0,0.1,0.352,0.118,0,1,0,0,6272.991,0.4341215306733287,67583.78161051957,0.6666666666666666,0.2482171056429802,Low,"(0.013999999999999999, 0.152]",Low,Low Risk
116,172607,262839.8,12,9.69,23069.92,Business,Mobile App,39,Male,Single,0,Masters,Employed,Manufacturing,5,Salary,562099.98,45112.0,84,649,0.37,2,0,1,1,0,0.511,0.468,0.574,0,0,0,1,2089.038888888889,0.04630680488748,326398.4411907118,0.0,0.8074060207435624,Low,"(0.35, 2.5]",High,Behavioral Risk
117,66743,38661.29,48,9.35,968.53,Car,Agent,19,Male,Single,0,High School,Unemployed,Unemployed,0,No Income,124089.61,10000.0,54,721,0.21,1,0,1,3,0,0.097,0.312,0.707,1,1,0,1,3554.334444444444,0.355397904653979,51894.613066835765,0.7083333333333334,0.3299915254326433,Low,"(0.35, 2.5]",Medium,Low Risk
118,121003,1628975.27,48,7.05,39045.64,Personal,Branch,52,Male,Single,0,Masters,Self-Employed,Manufacturing,4,Business,1485561.95,122684.65,70,749,0.45,0,0,0,1,0,0.318,1.097,0.357,0,0,1,0,41106.72095238095,0.3350572862627451,553194.1312707405,0.7916666666666666,0.16581382816176535,Very High,"(0.35, 2.5]",Low,Low Risk
119,16537,390661.58,240,7.85,3231.28,Business,Agent,31,Male,Single,0,Bachelors,Self-Employed,Services,8,Business,720266.72,59826.86,56,761,0.11,1,0,0,1,0,0.054,0.542,0.093,0,0,0,0,4876.1483333333335,0.0815029709124366,425642.79892634455,0.0,0.7907031234551211,Medium,"(0.013999999999999999, 0.152]",High,Behavioral Risk
120,133753,1391964.23,12,6.13,119884.58,Car,Branch,43,Male,Married,3,High School,Self-Employed,Manufacturing,13,Business,1191413.81,97078.77,76,783,0.34,1,0,0,1,0,1.235,1.168,1.273,1,0,1,1,6354.908181818181,0.0654606843610999,626166.4658102194,0.0,0.6451139887592158,Very High,"(0.35, 2.5]",Medium,Financial Stress
121,13237,2189464.82,120,6.92,25331.36,Home,Online,18,Female,Single,0,Bachelors,Self-Employed,Services,0,Business,3923622.79,330956.6,55,731,0.42,3,0,0,0,0,0.077,0.558,0.098,0,0,0,0,13783.953333333331,0.0416486986046953,2116820.098351145,0.0,0.6275356217858379,Very High,"(0.013999999999999999, 0.152]",Medium,Low Risk
122,175607,1325127.38,60,10.34,28377.24,Medical,Mobile App,53,Male,Widowed,0,Bachelors,Employed,Healthcare,22,Salary,2032171.71,170494.89,97,637,0.25,3,0,0,2,0,0.166,0.652,0.202,0,0,0,0,50053.826,0.293577903842726,909094.3829960462,0.75,0.3375725604570781,Very High,"(0.152, 0.229]",Medium,Low Risk
123,79239,64462.54,84,7.78,997.68,Home,Online,22,Female,Married,0,High School,Unemployed,Unemployed,0,No Income,137319.77,10919.61,42,784,0.34,0,0,0,0,0,0.091,0.469,0.108,0,1,0,0,3960.1018181818185,0.362626430042078,49570.231020841726,0.8333333333333334,0.17217189114840525,Low,"(0.013999999999999999, 0.152]",Low,Low Risk
124,20359,565608.58,60,8.55,11617.96,Car,Online,46,Male,Single,0,High School,Self-Employed,Construction,3,Business,1349959.23,110868.08,68,801,0.32,1,1,0,0,49,0.105,0.419,0.121,1,0,0,0,35622.0480952381,0.3212983105410282,578105.0022961266,0.7916666666666666,0.3124819205857672,High,"(0.013999999999999999, 0.152]",Medium,Low Risk
125,162673,200872.97,48,10.35,5128.49,Personal,Online,52,Male,Married,1,PhD,Employed,Services,9,Salary,458982.9,36962.35,95,664,0.35,0,0,0,1,0,0.139,0.438,0.21,0,0,0,0,1954.4727272727275,0.0528759630085673,240633.7428146088,0.0,0.6546841054344935,Low,"(0.152, 0.229]",High,Low Risk
126,40898,317262.49,48,16.31,9041.76,Home,Agent,18,Female,Single,0,High School,Employed,Manufacturing,0,Salary,271543.43,22447.4,60,539,0.41,6,2,0,0,46,0.403,1.168,0.423,1,1,1,0,5943.6235,0.2647682462892678,115577.83897447264,0.7916666666666666,0.2840452517664023,Medium,"(0.35, 2.5]",Medium,Credit Risk
127,178162,1581804.77,24,7.01,70828.65,Personal,Agent,35,Female,Married,1,High School,Self-Employed,IT,2,Business,1026431.67,81582.75,58,808,0.26,4,1,0,0,76,0.868,1.541,0.881,1,0,1,0,25665.571904761902,0.3145917159331595,402254.38769007847,0.7083333333333334,0.2645445666166915,Very High,"(0.35, 2.5]",Medium,Financial Stress
128,89706,1228592.84,48,9.08,30620.28,Education,Mobile App,51,Female,Single,1,Bachelors,Employed,Services,7,Salary,2605885.86,212173.34,64,648,0.55,2,0,1,1,0,0.144,0.471,0.181,0,0,0,0,10678.667272727273,0.0503296829990246,1387340.0171723026,0.0,0.6601272014408501,Very High,"(0.152, 0.229]",High,Low Risk
129,22131,306579.67,360,16.67,4288.78,Home,Online,45,Female,Married,1,High School,Employed,Construction,7,Salary,688997.57,57234.35,91,468,0.38,2,2,1,0,116,0.075,0.445,0.094,1,0,0,1,2759.0,0.0482044750316019,380963.24992472416,0.0,0.6845848291616375,Medium,"(0.013999999999999999, 0.152]",High,Credit Risk
130,85928,83752.31,240,16.81,1216.39,Car,Branch,52,Male,Married,2,Bachelors,Unemployed,Unemployed,0,No Income,267709.81,21317.54,53,548,0.49,2,2,0,1,50,0.057,0.313,0.175,1,1,0,1,1270.317142857143,0.0595874362342422,148013.57959842056,0.0,0.748581102209901,Low,"(0.152, 0.229]",High,Credit Risk
131,55739,222908.83,60,12.97,5068.44,Medical,Online,38,Female,Married,1,Bachelors,Unemployed,Unemployed,0,No Income,162814.39,13363.76,52,640,0.33,3,1,0,0,84,0.379,1.369,0.396,1,1,1,0,5565.647,0.4164419712737078,60028.097699752994,0.6666666666666666,0.20417518024563255,Low,"(0.35, 2.5]",Low,High Exposure
132,121468,340317.75,60,6.64,6681.05,Home,Mobile App,18,Female,Single,0,High School,Employed,Education,0,Salary,717172.35,58348.06,61,800,0.3,1,0,0,2,0,0.115,0.475,0.198,0,0,0,0,4379.233636363636,0.0750523425118354,374930.98050551495,0.0,0.6423767295004894,Medium,"(0.152, 0.229]",Medium,Low Risk
133,118442,442029.47,36,5.65,13377.4,Education,Online,40,Female,Single,0,Bachelors,Employed,Construction,5,Salary,553750.3,46531.92,78,784,0.64,1,0,0,2,0,0.287,0.798,0.405,0,0,0,0,13067.0885,0.2808138517849299,238058.6388177303,0.8333333333333334,0.274087842763244,Medium,"(0.35, 2.5]",Medium,Low Risk
134,156509,1317651.49,72,5.91,21781.35,Home,Branch,35,Female,Married,4,Masters,Self-Employed,Services,5,Business,845825.55,70963.0,75,792,0.28,2,0,0,3,0,0.307,1.558,0.405,0,0,1,0,22260.568260869564,0.3136881835982972,330672.89556769485,0.9166666666666666,0.1711476093429864,Very High,"(0.35, 2.5]",Low,High Exposure
135,20542,348425.9,36,9.3,11128.56,Home,Mobile App,39,Female,Single,0,Masters,Self-Employed,Healthcare,3,Freelance,931086.76,76124.38,77,714,0.28,2,0,0,1,0,0.146,0.374,0.186,0,0,0,0,3978.334166666667,0.0522602864730089,529663.8697553896,0.0,0.7498671517418343,Medium,"(0.152, 0.229]",High,Low Risk
136,53207,788647.58,36,10.5,25632.97,Car,Mobile App,33,Female,Married,2,High School,Employed,Construction,6,Salary,1125185.29,90442.65,56,655,0.27,0,0,0,2,0,0.283,0.701,0.341,0,0,0,0,5421.66090909091,0.0599451803315203,575538.3829120967,0.0,0.6252809380333252,High,"(0.229, 0.35]",Medium,Low Risk
137,136356,2218092.58,36,6.99,68478.12,Home,Online,32,Female,Married,2,Bachelors,Employed,Retail,6,Salary,1805844.88,147338.18,72,776,0.62,1,0,0,1,0,0.465,1.228,0.509,0,0,1,0,59188.28199999999,0.4017144794751809,708162.0078610533,0.75,0.2532547268009229,Very High,"(0.35, 2.5]",Low,High Exposure
138,123097,926412.47,12,10.88,81826.02,Business,Branch,34,Male,Married,1,Bachelors,Employed,Healthcare,3,Salary,868382.78,73044.01,71,666,0.45,1,1,0,1,57,1.12,1.067,1.17,1,0,1,1,27958.362857142856,0.3827552745511686,323325.9064887882,0.875,0.14620714983145344,Very High,"(0.35, 2.5]",Low,Financial Stress
139,118186,249045.41,60,8.96,5164.94,Personal,Online,55,Male,Widowed,0,Masters,Unemployed,Unemployed,0,No Income,239573.08,19086.2,57,706,0.49,2,0,0,2,0,0.271,1.04,0.505,0,1,1,0,7189.590476190476,0.3766707781230602,91101.592373382,0.75,0.23973779796611905,Low,"(0.35, 2.5]",Low,Low Risk
140,149654,1257572.34,72,7.45,21713.13,Car,Mobile App,43,Male,Married,3,Masters,Employed,Healthcare,19,Salary,2234451.92,187270.75,96,760,0.4,1,0,0,0,0,0.116,0.563,0.136,0,0,0,0,58555.69055555555,0.3126776492212816,1102489.3162275758,0.6666666666666666,0.47484546558803264,Very High,"(0.013999999999999999, 0.152]",Medium,Low Risk
141,82695,240800.96,72,14.08,4972.2,Education,Online,30,Male,Married,2,Bachelors,Employed,Manufacturing,3,Salary,713931.46,60605.86,79,573,0.24,2,2,0,3,106,0.082,0.337,0.193,1,0,0,1,15915.225652173913,0.2625977595964204,315009.57311825646,0.9583333333333334,0.265529802890806,Low,"(0.152, 0.229]",Medium,Credit Risk
142,157394,1101040.34,36,6.45,33720.74,Personal,Mobile App,51,Female,Divorced,0,Masters,Employed,Manufacturing,23,Salary,2366597.3,197850.38,100,763,0.49,5,0,0,2,0,0.17,0.465,0.215,0,0,0,1,54801.185454545455,0.2769815679554292,1038268.4478103744,0.7916666666666666,0.3082731782764199,Very High,"(0.152, 0.229]",Medium,Low Risk
143,128051,1051622.58,240,9.45,9768.19,Education,Branch,39,Male,Divorced,0,Masters,Self-Employed,Construction,12,Business,1557231.0,128204.62,99,685,0.46,0,0,0,0,0,0.076,0.675,0.099,0,0,0,0,40939.30090909091,0.3193253221589733,609976.1500764148,0.8333333333333334,0.20766784287669474,Very High,"(0.013999999999999999, 0.152]",Low,Low Risk
144,146926,932512.16,60,8.55,19154.39,Home,Branch,43,Female,Single,0,Bachelors,Employed,Education,17,Salary,1602779.94,130126.48,99,715,0.65,3,0,0,1,0,0.147,0.582,0.195,0,0,0,0,33473.15090909091,0.2572335290677335,690689.4839092083,0.75,0.32311721365630386,Very High,"(0.152, 0.229]",Medium,Low Risk
145,124550,484080.32,240,7.4,3870.17,Car,Online,41,Male,Single,1,Bachelors,Employed,Finance,7,Salary,633404.31,53751.42,82,691,0.47,3,0,0,1,0,0.072,0.764,0.133,0,0,0,0,15084.054736842105,0.2806209420309282,312393.294670659,0.6666666666666666,0.45059702442137023,Medium,"(0.013999999999999999, 0.152]",Medium,Low Risk
146,61125,737867.23,60,6.21,14337.2,Education,Online,29,Female,Widowed,0,Bachelors,Employed,Construction,0,Salary,567321.53,47850.71,72,811,0.37,4,0,0,1,0,0.3,1.301,0.36,0,0,1,1,2505.3191666666667,0.0523558963026956,314419.6549372612,0.0,0.6674655031206967,High,"(0.35, 2.5]",High,High Exposure
147,47167,266327.01,48,7.92,6491.82,Medical,Branch,24,Female,Married,0,High School,Employed,Healthcare,3,Salary,372567.73,30559.43,55,772,0.45,3,0,1,0,0,0.212,0.715,0.235,0,0,0,0,12100.8025,0.3959630967234427,139467.49963215,0.7083333333333334,0.2072062766197862,Low,"(0.229, 0.35]",Low,Low Risk
148,68870,613192.15,60,5.22,11633.6,Car,Online,25,Female,Divorced,0,Bachelors,Employed,Construction,0,Salary,841900.24,68817.33,65,832,0.16,2,0,0,1,0,0.169,0.728,0.206,0,0,0,0,3207.7755555555555,0.0466122260676124,477041.4538840407,0.0,0.7429111746231942,High,"(0.152, 0.229]",High,Low Risk
149,79649,1625725.09,60,14.99,38667.35,Car,Mobile App,30,Male,Married,3,High School,Employed,Education,8,Salary,1728595.38,143005.41,87,592,0.26,3,3,1,2,84,0.27,0.94,0.311,1,0,0,1,52610.5505,0.3678894568432282,658953.6487010125,0.75,0.20234606077097197,Very High,"(0.229, 0.35]",Low,Low Risk
150,155498,749500.08,60,10.2,15998.52,Car,Online,18,Male,Single,0,Bachelors,Employed,Healthcare,0,Salary,933196.01,77255.3,65,673,0.49,0,0,0,0,0,0.207,0.803,0.232,0,0,0,0,3805.195,0.0492541708572634,558462.1265378732,0.0,0.8067884820813048,High,"(0.229, 0.35]",High,Behavioral Risk
151,23907,742368.39,36,5.66,22470.1,Personal,Online,21,Male,Married,1,High School,Self-Employed,Education,0,Business,1550400.21,123634.98,42,816,0.52,3,0,0,1,0,0.182,0.479,0.224,0,0,0,0,31492.40523809524,0.2547187739207894,633407.1060484464,0.8333333333333334,0.26896195250692706,High,"(0.152, 0.229]",Medium,Low Risk
152,70892,1045777.3,72,7.77,18218.64,Business,Mobile App,43,Female,Married,0,Masters,Employed,Healthcare,20,Salary,1384164.09,115493.67,100,796,0.28,4,1,0,2,30,0.158,0.756,0.206,1,0,0,1,40073.54130434783,0.3469730794013942,531759.2052458444,0.875,0.17492444531478032,Very High,"(0.152, 0.229]",Low,Low Risk
153,23376,432230.11,24,11.55,20255.86,Home,Mobile App,47,Female,Married,2,PhD,Self-Employed,Services,25,Business,1070109.2,90243.36,100,615,0.32,1,0,2,1,0,0.224,0.404,0.263,0,0,0,0,22161.073333333334,0.2455674053573357,466727.07704846055,0.9583333333333334,0.2556892319264364,Medium,"(0.229, 0.35]",Medium,Low Risk
154,79980,340571.21,360,12.95,3754.09,Business,Mobile App,41,Female,Married,1,Masters,Self-Employed,Finance,1,Business,463088.45,39320.24,51,657,0.45,1,1,0,3,30,0.095,0.735,0.271,1,0,0,1,2199.8825,0.0559464172543897,272677.29850916576,0.0,0.7458735976630733,Medium,"(0.229, 0.35]",High,Low Risk
155,4068,1803493.17,240,9.21,16470.87,Car,Online,41,Male,Single,1,Bachelors,Employed,IT,13,Salary,2015553.86,162015.08,89,682,0.79,1,0,0,4,0,0.102,0.895,0.191,0,0,0,0,11685.681818181818,0.0721266791430938,1030034.0577605824,0.0,0.6271376789261012,Very High,"(0.152, 0.229]",Medium,Low Risk
156,138253,39977.54,48,16.57,1144.68,Personal,Mobile App,45,Female,Married,4,Bachelors,Unemployed,Unemployed,0,No Income,177313.17,14976.6,51,492,0.23,4,2,2,1,64,0.076,0.225,0.221,1,1,0,1,5453.756956521739,0.3641275609257651,68595.25087326429,0.9583333333333334,0.15993011659098616,Low,"(0.152, 0.229]",Low,Credit Risk
157,167634,131388.07,60,12.28,2941.28,Business,Mobile App,53,Female,Married,1,High School,Unemployed,Unemployed,0,No Income,236130.19,19147.5,50,607,0.24,1,0,1,1,0,0.154,0.556,0.27,0,1,0,0,804.351,0.0420059534689401,141455.56477260904,0.0,0.8387093109497556,Low,"(0.229, 0.35]",High,Behavioral Risk
158,44956,192733.06,60,5.48,3679.65,Car,Agent,28,Female,Married,2,Bachelors,Employed,Education,5,Salary,535983.99,45531.82,88,842,0.26,1,0,0,2,0,0.081,0.36,0.182,0,0,0,0,11348.361818181818,0.2492347677605256,239444.2228763476,0.8333333333333334,0.2964266815714577,Low,"(0.152, 0.229]",Medium,Low Risk
159,155374,195147.08,12,8.76,17044.19,Home,Online,36,Female,Married,1,High School,Employed,Retail,6,Salary,348192.55,27820.31,75,688,0.4,0,0,0,1,0,0.613,0.56,0.705,1,0,0,1,1568.18,0.0563661452318384,195622.8850413309,0.0,0.7665938083832778,Low,"(0.35, 2.5]",High,Behavioral Risk
160,4390,493599.26,24,9.37,22633.84,Personal,Mobile App,45,Female,Married,0,Bachelors,Employed,Construction,9,Salary,683616.93,54529.92,85,686,0.22,1,0,0,1,0,0.415,0.722,0.463,0,0,0,0,2975.5275,0.0545658774874878,403886.7766483032,0.0,0.8460227917932537,Medium,"(0.35, 2.5]",High,Behavioral Risk
161,1921,2038869.51,24,6.86,91156.1,Home,Branch,18,Female,Single,0,Masters,Employed,Healthcare,0,Salary,1693576.19,141351.65,68,770,0.53,3,0,0,1,0,0.645,1.204,0.686,1,0,1,0,7191.572857142857,0.0508768166507161,946333.5169897192,0.0,0.6935210538550064,Very High,"(0.35, 2.5]",High,Financial Stress
162,107878,1297852.13,60,6.2,25211.99,Education,Online,38,Male,Single,0,High School,Employed,Healthcare,11,Salary,914579.61,73357.53,85,789,0.31,3,0,0,3,0,0.344,1.419,0.441,0,0,1,1,3253.7454545454543,0.0443540165614749,459568.7694578625,0.0,0.6002560108147457,Very High,"(0.35, 2.5]",Medium,High Exposure
163,100124,1472985.36,60,8.23,30029.23,Home,Mobile App,42,Male,Single,0,High School,Employed,IT,18,Salary,2040951.06,167754.07,91,708,0.44,3,0,0,2,0,0.179,0.722,0.225,0,0,0,0,48305.07956521738,0.2879500426736275,827369.4972362989,0.9166666666666666,0.2225519901841494,Very High,"(0.152, 0.229]",Low,Low Risk
164,77828,2240165.05,84,7.06,33875.84,Car,Mobile App,31,Male,Married,0,PhD,Employed,Healthcare,0,Salary,1001834.47,80234.68,69,779,0.27,3,0,0,1,0,0.422,2.236,0.461,0,0,1,1,25274.817727272726,0.3150072103492203,407142.5480305269,0.9166666666666666,0.25977346205606433,Very High,"(0.35, 2.5]",Medium,High Exposure
165,112449,60621.32,60,14.18,1416.22,Business,Mobile App,39,Male,Single,1,Bachelors,Unemployed,Unemployed,0,No Income,118184.42,10039.65,41,496,0.32,2,0,1,0,0,0.141,0.513,0.157,1,1,0,0,425.009,0.0423288332926653,70296.97441225663,0.0,0.7565827898144418,Low,"(0.152, 0.229]",High,Behavioral Risk
166,174242,362355.07,60,7.9,7329.92,Home,Online,22,Female,Widowed,0,High School,Self-Employed,Finance,0,Business,409854.91,33020.7,47,726,0.27,2,0,0,1,0,0.222,0.884,0.296,0,0,0,0,8642.708260869565,0.2617281442466489,168012.92034206822,0.9583333333333334,0.24196129876459915,Medium,"(0.229, 0.35]",Low,Low Risk
167,52085,593522.87,72,13.79,12163.34,Business,Branch,43,Male,Married,1,Bachelors,Employed,Manufacturing,16,Salary,783076.16,64820.93,91,583,0.48,3,2,0,3,66,0.188,0.758,0.304,1,0,0,1,2829.7564285714284,0.0436543069385843,458743.3281116073,0.0,0.7730500454808468,High,"(0.229, 0.35]",High,Behavioral Risk
168,88621,472629.58,240,6.29,3465.61,Home,Mobile App,34,Female,Married,2,Bachelors,Employed,Finance,12,Salary,535762.2,43490.89,80,797,0.21,3,0,0,3,0,0.08,0.882,0.228,0,0,0,1,2378.6254545454544,0.0546912413911065,284484.92506932927,0.0,0.6617577673094196,Medium,"(0.152, 0.229]",High,Low Risk
169,96362,837248.37,60,11.11,18249.77,Business,Online,33,Male,Single,1,High School,Self-Employed,Retail,10,Business,4194444.68,350000.0,68,600,0.54,1,0,1,1,0,0.052,0.2,0.085,0,0,0,0,91213.3809090909,0.2606089151433593,1786691.1790129798,0.875,0.2594625320502059,High,"(0.013999999999999999, 0.152]",Medium,Low Risk
170,5319,773339.81,60,9.1,16090.82,Personal,Branch,35,Female,Married,2,High School,Employed,Retail,9,Salary,491054.13,41033.32,80,712,0.48,1,0,0,0,0,0.392,1.575,0.416,0,0,1,0,1845.4672727272728,0.0449737505757929,291201.9104956338,0.0,0.7775541439163027,High,"(0.35, 2.5]",High,Behavioral Risk
171,79143,486314.0,48,10.36,12418.43,Personal,Mobile App,43,Male,Married,0,High School,Employed,IT,13,Salary,809526.8,68771.58,97,638,0.46,0,0,0,1,0,0.181,0.601,0.233,0,0,0,0,6054.426,0.0880354641341069,451529.81690894463,0.0,0.6754843629251213,Medium,"(0.229, 0.35]",High,Low Risk
172,126896,441390.6,60,8.74,9106.95,Education,Branch,44,Male,Single,1,Bachelors,Self-Employed,Manufacturing,15,Business,1525425.15,126530.39,71,697,0.41,1,0,1,1,0,0.072,0.289,0.108,0,0,0,0,40486.44727272727,0.3199715681043832,613831.2839775637,0.8333333333333334,0.2277268098286944,Medium,"(0.013999999999999999, 0.152]",Low,Low Risk
173,36579,302911.68,36,10.9,9902.6,Car,Mobile App,30,Female,Married,0,Bachelors,Employed,Services,4,Salary,710660.13,59224.29,70,600,0.35,6,0,3,2,0,0.167,0.426,0.252,0,0,0,1,20940.870454545457,0.3535798719524287,270546.84296742885,0.875,0.16892711049792367,Medium,"(0.229, 0.35]",Low,Low Risk
174,18442,437219.69,48,8.08,10690.24,Car,Mobile App,43,Male,Divorced,0,Bachelors,Self-Employed,Retail,0,Business,389051.26,31100.42,48,744,0.33,3,0,0,1,0,0.344,1.124,0.425,0,0,1,0,10301.7185,0.3312298441678868,154970.43614197665,0.75,0.2728084181672845,Medium,"(0.35, 2.5]",Medium,Low Risk
175,1369,233017.0,12,7.57,20223.48,Personal,Online,32,Male,Single,1,PhD,Self-Employed,Finance,3,Freelance,787423.21,64860.72,65,815,0.34,2,1,0,3,20,0.312,0.296,0.421,1,0,0,1,2568.985,0.0396071057011747,472119.3446616962,0.0,0.8150059442505404,Low,"(0.35, 2.5]",High,Behavioral Risk
176,73596,313839.44,36,11.22,10307.43,Home,Branch,38,Female,Married,0,Bachelors,Employed,IT,9,Salary,378003.96,30558.19,76,618,0.36,0,0,1,1,0,0.337,0.83,0.421,0,0,0,0,8573.592272727272,0.2805569215914189,149112.0844614655,0.7916666666666666,0.2307655140167825,Medium,"(0.35, 2.5]",Low,Low Risk
177,81323,350710.56,60,5.73,6736.27,Personal,Mobile App,21,Male,Divorced,0,High School,Employed,IT,0,Salary,1126261.66,92386.18,76,838,0.53,1,1,0,1,40,0.073,0.311,0.121,1,0,0,0,26520.54227272727,0.2870586836044489,454618.270302668,0.875,0.22703423621728724,Medium,"(0.013999999999999999, 0.152]",Low,Low Risk
178,78672,909695.47,60,6.47,17786.46,Car,Online,41,Male,Married,2,Bachelors,Self-Employed,Education,10,Business,947079.29,76921.73,59,783,0.19,0,0,0,1,0,0.231,0.961,0.267,0,0,0,0,19498.428260869565,0.2534807105893091,405209.51826961566,0.9166666666666666,0.2852382106386247,Very High,"(0.229, 0.35]",Medium,Low Risk
179,31521,273193.97,36,10.32,8856.3,Business,Online,28,Female,Married,2,Bachelors,Employed,Manufacturing,7,Salary,570522.54,47954.7,74,634,0.59,3,0,0,2,0,0.185,0.479,0.298,0,0,0,1,15284.737,0.3187261785356068,251421.39280631125,0.8333333333333334,0.31079138315727806,Low,"(0.229, 0.35]",Medium,Low Risk
180,176997,624242.91,12,9.77,54814.12,Education,Agent,29,Male,Married,0,High School,Employed,Finance,0,Salary,1244263.69,104955.09,66,666,0.25,1,0,0,2,0,0.522,0.502,0.573,0,0,0,1,36142.886086956525,0.3443619716298171,502805.7607096435,0.7916666666666666,0.22815570133440602,High,"(0.35, 2.5]",Low,Low Risk
181,24507,93477.6,36,8.03,2930.54,Personal,Agent,31,Male,Married,0,Bachelors,Employed,IT,8,Salary,495661.2,39388.57,73,748,0.53,0,0,1,3,0,0.074,0.189,0.253,0,0,0,1,17568.30904761905,0.4460142379726168,174954.8928617433,0.75,0.18691683361546318,Low,"(0.229, 0.35]",Low,Low Risk
182,19304,766528.26,48,8.49,18890.0,Car,Agent,35,Male,Divorced,0,Bachelors,Employed,IT,14,Salary,1291183.37,104556.77,87,703,0.34,1,0,0,0,0,0.181,0.594,0.198,0,0,0,0,24518.875217391305,0.2345007474565621,523853.8183920901,0.8333333333333334,0.23973764243842097,High,"(0.152, 0.229]",Low,Low Risk
183,119536,630275.28,48,6.45,14932.42,Personal,Mobile App,27,Female,Married,2,Bachelors,Employed,Manufacturing,1,Salary,972898.19,78392.78,77,773,0.45,2,0,0,1,0,0.19,0.648,0.238,0,0,0,0,32209.60263157895,0.4108693652937637,341998.3364148706,0.4583333333333333,0.21078259534431404,High,"(0.229, 0.35]",Low,Low Risk
184,122482,609175.53,72,16.87,13507.65,Personal,Agent,44,Female,Married,0,High School,Employed,Education,14,Salary,578693.4,48827.16,93,509,0.58,6,3,0,1,216,0.277,1.053,0.347,1,0,1,1,2921.841,0.0598392607872178,302288.7396479779,0.0,0.5884921799520861,High,"(0.229, 0.35]",Medium,Credit Risk
185,60944,2237160.81,240,11.04,23152.65,Home,Branch,45,Male,Married,1,High School,Self-Employed,IT,2,Business,1956336.9,163360.13,59,614,0.52,2,0,0,2,0,0.142,1.144,0.192,0,0,1,1,7400.931428571428,0.0453041150521634,1147536.1166610864,0.0,0.7623044058608792,Very High,"(0.152, 0.229]",High,Behavioral Risk
186,179079,229080.57,60,9.28,4786.53,Home,Agent,47,Female,Single,0,Masters,Unemployed,Unemployed,0,No Income,149614.37,12706.29,63,726,0.46,4,0,0,1,0,0.377,1.531,0.557,0,1,1,0,4279.306666666666,0.3367599753107599,60867.87252763744,0.8333333333333334,0.21898003082630968,Low,"(0.35, 2.5]",Low,High Exposure
187,86733,169292.53,48,8.99,4212.05,Home,Mobile App,32,Female,Married,1,Masters,Employed,Services,4,Salary,795987.76,66461.31,65,682,0.35,4,0,0,2,0,0.063,0.213,0.141,0,0,0,0,19984.550909090907,0.3006899836778304,323936.3173993787,0.8333333333333334,0.2276479994482966,Low,"(0.013999999999999999, 0.152]",Low,Low Risk
188,35937,458417.29,60,8.68,9444.95,Personal,Branch,40,Male,Single,0,Bachelors,Employed,Services,1,Salary,722949.66,59009.19,69,687,0.28,4,0,0,4,0,0.16,0.634,0.31,0,0,0,1,23113.6575,0.3916892573977477,271519.47636674606,0.8333333333333334,0.19281936642266959,Medium,"(0.229, 0.35]",Low,Low Risk
189,17964,527459.55,48,10.18,13423.38,Car,Mobile App,46,Female,Divorced,0,Bachelors,Employed,Healthcare,14,Salary,889371.89,73749.54,92,666,0.31,3,1,0,0,19,0.182,0.593,0.198,1,0,0,0,24289.665,0.3293489783261248,363937.8107554668,0.7916666666666666,0.2550015645677826,High,"(0.152, 0.229]",Low,Low Risk
190,163061,178505.34,36,5.25,5370.02,Personal,Mobile App,35,Female,Widowed,0,Bachelors,Employed,Services,0,Salary,361311.18,30695.66,65,827,0.35,2,0,0,0,0,0.175,0.494,0.192,0,0,0,0,2038.0388888888888,0.0663928547564747,222448.92551602024,0.0,0.8149985278449982,Low,"(0.152, 0.229]",High,Behavioral Risk
191,9741,86429.65,48,11.4,2250.65,Home,Mobile App,28,Male,Married,2,High School,Unemployed,Unemployed,0,No Income,177578.46,14822.29,45,654,0.25,2,0,0,0,0,0.152,0.487,0.164,0,1,0,0,5662.324090909091,0.381988350150951,66652.96192423113,0.7916666666666666,0.17513724521027163,Low,"(0.152, 0.229]",Low,Low Risk
192,130460,333774.27,12,6.54,28809.67,Personal,Agent,42,Male,Married,3,High School,Employed,Finance,15,Salary,871754.38,69286.74,86,802,0.25,1,0,0,1,0,0.416,0.383,0.457,0,0,0,1,3742.6753846153847,0.0540164159577925,485492.8366059013,0.0,0.7607769701702665,Medium,"(0.35, 2.5]",High,Behavioral Risk
193,81305,451781.77,12,5.68,38816.83,Business,Agent,59,Male,Single,0,Masters,Employed,Healthcare,24,Salary,1042368.6,82922.88,100,785,0.27,1,0,0,0,0,0.468,0.433,0.482,0,0,0,0,23264.595714285715,0.2805536320090873,427366.8154886463,0.75,0.29626833939016495,Medium,"(0.35, 2.5]",Medium,Low Risk
194,44426,539547.69,24,8.94,24634.25,Personal,Branch,44,Male,Married,2,Bachelors,Self-Employed,Services,14,Business,847359.94,69045.18,98,672,0.4,3,0,0,0,0,0.357,0.637,0.377,0,0,0,0,3350.7125,0.0485285717471987,490659.8117442123,0.0,0.780530330137836,High,"(0.35, 2.5]",High,Behavioral Risk
195,40117,154288.35,24,14.73,7461.15,Business,Online,46,Female,Single,0,Bachelors,Employed,Construction,2,Salary,270111.24,21676.62,70,516,0.32,1,0,1,2,0,0.344,0.571,0.545,1,1,0,1,8343.22,0.3848771221194946,98351.4527597587,0.9583333333333334,0.15610723373337715,Low,"(0.35, 2.5]",Low,Credit Risk
196,38206,536768.4,84,14.81,10300.75,Business,Agent,32,Male,Married,0,Masters,Self-Employed,Construction,0,Business,1003719.63,81259.88,40,489,0.29,0,0,0,0,0,0.127,0.535,0.141,1,0,0,0,32343.78727272727,0.3980240833316999,358637.5523409602,0.75,0.1686388144522977,High,"(0.013999999999999999, 0.152]",Low,Credit Risk
197,128355,149804.0,240,9.72,1417.96,Personal,Online,34,Male,Single,1,High School,Self-Employed,Services,11,Freelance,505351.38,40565.34,69,668,0.29,0,0,0,1,0,0.035,0.296,0.099,0,0,0,0,11625.149090909092,0.2865713074166684,212442.77232730656,0.875,0.2942281524959506,Low,"(0.013999999999999999, 0.152]",Medium,Low Risk
198,41838,901690.56,84,7.73,13932.96,Home,Branch,29,Male,Married,3,Masters,Employed,Manufacturing,1,Salary,1074940.35,87874.27,70,768,0.11,1,0,0,0,0,0.159,0.839,0.164,0,0,0,0,27709.46681818182,0.3153272452896226,437185.74737877934,0.8333333333333334,0.25291430481090976,Very High,"(0.152, 0.229]",Low,Low Risk
199,134760,255567.59,60,11.22,5584.74,Car,Branch,32,Male,Single,0,Bachelors,Employed,Construction,9,Salary,436400.66,35587.77,57,613,0.17,4,0,0,2,0,0.157,0.586,0.278,0,0,0,0,981.5914285714288,0.0275814935040303,241422.90520476672,0.0,0.7064866865817272,Low,"(0.229, 0.35]",High,Low Risk
200,179068,1113834.13,72,11.73,21619.6,Car,Branch,26,Female,Married,2,High School,Employed,Healthcare,5,Salary,1391438.31,112613.44,70,591,0.39,1,0,1,0,0,0.192,0.8,0.211,0,0,0,0,4563.564166666667,0.040523792212319,753046.1909680968,0.0,0.6891933487550491,Very High,"(0.152, 0.229]",High,Low Risk
201,3557,360595.47,60,13.63,8321.42,Personal,Online,45,Female,Single,0,High School,Self-Employed,Services,22,Freelance,437584.02,36599.86,98,544,0.41,4,1,1,1,88,0.227,0.824,0.303,1,0,0,1,1447.1818181818182,0.0395395577639929,253518.0395585848,0.0,0.7399676571202337,Medium,"(0.229, 0.35]",High,Credit Risk
202,114986,184764.73,48,10.82,4759.21,Car,Branch,31,Female,Married,2,High School,Employed,Services,5,Salary,727049.69,59027.15,62,626,0.4,0,0,2,1,0,0.081,0.254,0.135,0,0,0,0,18378.84304347826,0.3113572599425572,296643.75255405,0.7916666666666666,0.2697286409221901,Low,"(0.013999999999999999, 0.152]",Medium,Low Risk
203,171057,228770.39,48,8.45,5633.4,Car,Agent,26,Female,Single,1,Bachelors,Employed,Healthcare,0,Salary,601094.01,48260.85,56,719,0.23,1,0,0,0,0,0.117,0.381,0.128,0,0,0,0,2554.164545454545,0.0529230550725789,339670.6730666489,0.0,0.7671351054921643,Low,"(0.013999999999999999, 0.152]",High,Behavioral Risk
204,32666,227252.7,240,9.76,2157.03,Personal,Online,43,Female,Married,1,PhD,Employed,IT,1,Salary,768965.69,64018.23,61,674,0.37,2,0,0,0,0,0.034,0.296,0.052,0,0,0,0,17216.320952380953,0.2689242115592604,313956.70173657173,0.7916666666666666,0.2330417457445845,Low,"(0.013999999999999999, 0.152]",Low,Low Risk
205,112634,120237.85,12,8.6,10492.69,Education,Agent,24,Male,Married,1,High School,Unemployed,Unemployed,0,No Income,169547.48,14205.91,27,706,0.43,1,0,0,1,0,0.739,0.709,0.901,1,1,0,1,4844.110909090909,0.3409686489948137,72382.95721387122,0.9166666666666666,0.27078980976967926,Low,"(0.35, 2.5]",Medium,Financial Stress
206,32309,1816617.15,60,10.18,38758.84,Home,Online,47,Male,Married,0,PhD,Self-Employed,Manufacturing,16,Freelance,4194265.1,350000.0,88,665,0.59,2,0,0,2,0,0.111,0.433,0.152,0,0,0,0,141436.5072727273,0.4041031519130725,1506740.2465737846,0.9166666666666666,0.11870535053288858,Very High,"(0.013999999999999999, 0.152]",Low,Low Risk
207,53070,347352.02,60,10.12,7400.73,Car,Online,34,Male,Married,1,Bachelors,Self-Employed,Finance,3,Freelance,598232.33,50792.82,64,670,0.13,1,1,0,3,71,0.146,0.581,0.27,1,0,0,1,2700.7591666666667,0.053171018967793,337492.12756822514,0.0,0.6833562999920938,Medium,"(0.229, 0.35]",High,Low Risk
208,155779,84121.04,120,7.04,978.45,Home,Online,29,Male,Single,1,Bachelors,Self-Employed,Construction,6,Business,402221.78,31944.04,60,773,0.48,1,0,0,3,0,0.031,0.209,0.242,0,0,0,1,10942.2895,0.3425348504807006,162307.6469674475,0.7083333333333334,0.3036845867598767,Low,"(0.229, 0.35]",Medium,Low Risk
209,177077,267468.42,24,9.52,12283.14,Home,Online,37,Female,Single,0,Bachelors,Employed,Finance,2,Salary,469098.56,38174.88,61,634,0.34,2,0,2,1,0,0.322,0.57,0.391,0,0,0,0,2600.822,0.0681273620935522,249324.74141383465,0.0,0.6630290430975814,Low,"(0.35, 2.5]",High,Low Risk
210,30057,302819.66,60,7.91,6127.06,Personal,Branch,37,Male,Single,0,High School,Employed,Education,5,Salary,926599.91,73724.14,67,753,0.13,3,0,0,1,0,0.083,0.327,0.117,0,0,0,0,27391.041904761903,0.3715291948548609,342070.2234471088,0.75,0.21007838043026303,Medium,"(0.013999999999999999, 0.152]",Low,Low Risk
211,163902,334973.43,60,7.1,6648.69,Personal,Mobile App,31,Male,Single,0,High School,Employed,Education,1,Salary,553347.28,46408.86,52,786,0.59,1,0,0,0,0,0.143,0.605,0.173,0,0,0,0,13852.69,0.2984859251891731,233863.69347664385,0.7916666666666666,0.26934255339397234,Medium,"(0.152, 0.229]",Medium,Low Risk
212,121403,1553400.76,36,10.84,50738.73,Medical,Online,23,Female,Divorced,0,Masters,Employed,Education,2,Salary,1175712.87,97014.14,73,635,0.46,0,0,1,0,0,0.523,1.321,0.546,0,0,1,0,35323.01434782609,0.3640979577808792,451238.8890218577,0.9583333333333334,0.17511955745145824,Very High,"(0.35, 2.5]",Low,High Exposure
213,137405,1244841.08,72,5.16,20140.6,Car,Online,43,Male,Married,1,Bachelors,Employed,Services,6,Salary,1224145.63,103638.51,69,783,0.17,0,0,0,0,0,0.194,1.017,0.203,0,0,1,0,31539.81,0.3043222608829393,557334.8262065529,0.75,0.35002178741031326,Very High,"(0.152, 0.229]",Medium,Low Risk
214,12222,450448.17,24,5.15,19792.06,Home,Agent,35,Female,Married,3,High School,Employed,Finance,6,Salary,849448.12,69604.45,77,793,0.44,1,0,0,3,0,0.284,0.53,0.393,0,0,0,1,21278.75105263158,0.3057052436645633,382777.6176627517,0.75,0.3762735072154983,Medium,"(0.35, 2.5]",Medium,Low Risk
215,79980,158520.47,72,11.94,3094.16,Home,Online,41,Female,Married,1,Masters,Self-Employed,Finance,1,Business,463088.45,39320.24,51,657,0.45,1,1,0,3,30,0.079,0.342,0.254,1,0,0,1,2199.8825,0.0559464172543897,272677.29850916576,0.0,0.7458735976630733,Low,"(0.229, 0.35]",High,Low Risk
216,118873,1164461.27,48,7.08,27927.71,Medical,Branch,56,Female,Married,2,Bachelors,Employed,Services,26,Salary,1152523.97,94626.75,100,793,0.31,0,0,0,1,0,0.295,1.01,0.332,0,0,1,0,2671.84,0.0282352692524127,675669.5938257882,0.0,0.7825921831620896,Very High,"(0.229, 0.35]",High,Behavioral Risk
217,128977,554946.47,60,10.72,11988.53,Home,Agent,29,Female,Widowed,0,Bachelors,Employed,Finance,3,Salary,574097.66,47846.9,46,642,0.32,2,0,0,0,0,0.251,0.967,0.267,0,0,0,0,2619.557777777778,0.0547476018336808,323195.1348271223,0.0,0.7072432574407518,High,"(0.229, 0.35]",High,Low Risk
218,50651,153495.62,36,7.83,4797.97,Home,Mobile App,39,Female,Single,0,High School,Unemployed,Unemployed,0,No Income,178756.43,14232.97,40,760,0.28,2,0,0,0,0,0.337,0.859,0.351,0,1,0,0,4420.7555,0.3105778289542552,75805.88947878245,0.75,0.3405627563089956,Low,"(0.35, 2.5]",Medium,Low Risk
219,94866,780768.12,12,6.32,67312.82,Car,Mobile App,40,Male,Married,0,Bachelors,Employed,Finance,9,Salary,1911584.22,160014.97,91,788,0.32,2,0,0,0,0,0.421,0.408,0.437,0,0,0,0,5892.0125,0.0368214028887241,1095180.235604131,0.0,0.7217334532552983,High,"(0.35, 2.5]",High,Low Risk
220,173936,110656.64,60,17.67,2790.12,Home,Branch,52,Male,Single,0,Bachelors,Unemployed,Unemployed,0,No Income,199756.67,16233.88,39,525,0.43,4,2,0,1,172,0.172,0.554,0.317,1,1,0,1,4761.127916666666,0.2932653593168946,79248.90590621659,0.8333333333333334,0.2273292014651039,Low,"(0.229, 0.35]",Low,Credit Risk
221,140052,698969.69,48,7.42,16874.24,Home,Agent,26,Female,Married,3,Bachelors,Self-Employed,Education,5,Business,623863.35,51254.57,63,795,0.34,0,0,0,0,0,0.329,1.12,0.346,0,0,1,0,19737.863181818186,0.3850871852916314,228934.95660046485,0.7916666666666666,0.16954827528939875,High,"(0.229, 0.35]",Low,Low Risk
222,176095,296343.25,72,15.89,6410.3,Car,Online,28,Male,Divorced,1,Masters,Employed,IT,2,Salary,628859.59,50379.45,73,591,0.25,5,3,0,2,171,0.127,0.471,0.219,1,0,0,1,13507.891500000002,0.2681177222513892,276085.5961293741,0.75,0.36257288274884375,Medium,"(0.152, 0.229]",Medium,Low Risk
223,104002,408422.93,48,7.95,9961.21,Car,Online,42,Female,Widowed,1,High School,Self-Employed,Education,12,Business,1207006.25,98488.42,64,752,0.34,0,0,0,0,0,0.101,0.338,0.118,0,0,0,0,38973.108181818185,0.3957085764320491,457146.027044477,0.7083333333333334,0.2237323500224906,Medium,"(0.013999999999999999, 0.152]",Low,Low Risk
224,168865,590180.75,24,6.49,26287.67,Personal,Agent,51,Female,Married,1,High School,Employed,Retail,17,Salary,630140.89,51942.35,79,795,0.48,2,0,0,1,0,0.506,0.937,0.569,0,0,0,0,19062.235714285714,0.3669812538907428,248894.05925849348,0.75,0.24125002371934812,High,"(0.35, 2.5]",Low,Low Risk
225,14747,799092.19,60,9.59,16817.59,Car,Mobile App,46,Male,Single,1,Masters,Self-Employed,Education,10,Business,1151523.44,92892.33,79,683,0.13,1,0,0,1,0,0.181,0.694,0.209,0,0,0,0,4829.521818181818,0.0519899740722161,622273.1198824147,0.0,0.6946469118121781,High,"(0.152, 0.229]",High,Low Risk
226,141849,42203.17,36,9.64,1354.66,Business,Online,27,Male,Married,3,Bachelors,Unemployed,Unemployed,0,No Income,154636.89,13090.82,62,707,0.42,0,0,0,1,0,0.103,0.273,0.277,0,1,0,1,638.0176923076923,0.0487340715276938,90019.1820751799,0.0,0.73154788394558,Low,"(0.229, 0.35]",High,Low Risk
227,151453,3497358.03,240,5.96,24975.52,Business,Online,39,Male,Married,0,High School,Self-Employed,Healthcare,1,Business,2349515.29,199655.08,53,809,0.43,0,0,0,0,0,0.125,1.489,0.147,0,0,1,0,91129.28823529412,0.4564313204751596,969018.0428775344,0.5833333333333334,0.3056589495302537,Very High,"(0.013999999999999999, 0.152]",Medium,High Exposure
228,78482,407452.93,84,6.07,5965.98,Personal,Mobile App,39,Male,Married,1,Masters,Unemployed,Unemployed,0,No Income,184855.99,14811.5,49,836,0.26,0,0,0,0,0,0.403,2.204,0.416,0,1,1,0,621.3453846153845,0.0419473677377474,100947.6812826266,0.0,0.7168337999572487,Medium,"(0.35, 2.5]",High,High Exposure
229,120479,365264.32,72,7.82,6372.21,Home,Branch,43,Male,Widowed,1,Bachelors,Employed,Retail,9,Salary,510728.36,41632.18,85,727,0.19,2,0,0,1,0,0.153,0.715,0.211,0,0,0,0,15714.5465,0.3774524669986775,194821.2684832679,0.6666666666666666,0.234235356128426,Medium,"(0.152, 0.229]",Low,Low Risk
230,56402,383888.44,72,12.54,7613.33,Home,Agent,37,Female,Single,0,Bachelors,Employed,Manufacturing,2,Salary,587179.99,48375.18,53,591,0.17,1,1,0,1,88,0.157,0.654,0.207,1,0,0,0,18833.65684210526,0.3893167431183128,231743.7799679877,0.625,0.2679983406519289,Medium,"(0.152, 0.229]",Medium,Low Risk
231,88895,321681.06,60,7.31,6416.82,Car,Mobile App,41,Female,Married,3,High School,Employed,Finance,2,Salary,870397.14,73046.51,58,748,0.44,4,0,0,1,0,0.088,0.37,0.137,0,0,0,0,18164.442727272726,0.2486661451878746,386436.47341705736,0.8333333333333334,0.30298709756033004,Medium,"(0.013999999999999999, 0.152]",Medium,Low Risk
232,111044,643138.89,240,7.63,5232.33,Car,Online,39,Male,Married,2,Bachelors,Self-Employed,Manufacturing,13,Business,690547.02,54868.51,71,750,0.11,2,0,0,1,0,0.095,0.931,0.137,0,0,0,0,14993.592173913044,0.2732590864017747,275741.5642565258,0.7916666666666666,0.2599811650174781,High,"(0.013999999999999999, 0.152]",Medium,Low Risk
233,28139,218736.07,72,9.57,4005.0,Personal,Online,25,Female,Widowed,0,High School,Unemployed,Unemployed,0,No Income,126022.42,10331.2,43,724,0.17,3,0,0,0,0,0.388,1.736,0.396,0,1,1,0,558.434,0.0540479278372466,73114.88371922552,0.0,0.7755851869037169,Low,"(0.35, 2.5]",High,Behavioral Risk
234,30832,303178.01,84,9.15,4900.97,Personal,Online,18,Male,Single,0,High School,Employed,Healthcare,0,Salary,647334.41,52552.77,68,681,0.35,1,0,0,0,0,0.093,0.468,0.111,0,0,0,0,2537.208333333333,0.048278331570377,327094.60251179244,0.0,0.5925928391951663,Medium,"(0.013999999999999999, 0.152]",Medium,Low Risk
235,18031,1159464.6,360,6.51,7336.23,Home,Online,48,Female,Married,0,High School,Employed,Education,23,Salary,989452.76,82876.0,100,768,0.3,2,0,0,2,0,0.089,1.172,0.152,0,0,1,1,21609.710416666665,0.2607443611215013,432551.62799439614,0.7916666666666666,0.29805093929143456,Very High,"(0.013999999999999999, 0.152]",Medium,Low Risk
236,75005,495679.83,120,14.18,7749.98,Personal,Agent,29,Female,Married,2,Bachelors,Employed,Services,2,Salary,825465.72,66187.66,49,508,0.69,2,0,0,1,0,0.117,0.6,0.182,1,0,0,0,2857.5964285714285,0.0431735047751598,469749.3250827202,0.0,0.7772179859518362,Medium,"(0.152, 0.229]",High,Behavioral Risk
237,119010,959896.04,240,12.63,10993.86,Personal,Agent,50,Female,Single,0,Bachelors,Employed,Finance,7,Salary,940990.49,74936.51,100,615,0.67,4,1,1,1,56,0.147,1.02,0.207,1,0,1,0,3772.95,0.0503479499118665,523817.5482306331,0.0,0.7562513644361751,Very High,"(0.152, 0.229]",High,Behavioral Risk
238,89038,1822849.81,84,6.24,26839.43,Education,Branch,41,Female,Married,0,Bachelors,Employed,Education,20,Salary,1656227.65,133256.57,100,770,0.13,1,0,0,2,0,0.201,1.101,0.238,0,0,1,0,5738.973076923076,0.0430667696921313,910777.3349776476,0.0,0.7213107056697075,Very High,"(0.229, 0.35]",High,Low Risk
239,92854,683556.52,240,8.43,5901.81,Car,Mobile App,36,Female,Married,1,High School,Self-Employed,Manufacturing,11,Business,1650796.1,139665.95,79,736,0.24,2,0,0,1,0,0.042,0.414,0.069,0,0,0,0,50767.8819047619,0.3634924504670711,613563.2216617673,0.7916666666666666,0.14837998315241147,High,"(0.013999999999999999, 0.152]",Low,Low Risk
240,20845,682564.08,24,13.84,32720.3,Car,Mobile App,57,Male,Married,1,Bachelors,Employed,Manufacturing,23,Salary,1405378.73,112245.03,100,544,0.44,3,1,1,2,81,0.292,0.486,0.349,1,0,0,1,40021.20565217392,0.3565489634882758,499669.3841486319,0.9166666666666666,0.13777049862338153,High,"(0.229, 0.35]",Low,Credit Risk
241,169060,532561.26,48,6.84,12713.35,Education,Agent,76,Male,Married,2,Masters,Employed,Retail,40,Salary,1091225.71,89370.92,100,780,0.1,1,0,0,3,0,0.142,0.488,0.214,0,0,0,0,26904.391428571427,0.3010385300950391,457700.5347996555,0.75,0.29459861064247894,High,"(0.152, 0.229]",Medium,Low Risk
242,47749,934063.1,72,8.27,16500.57,Car,Online,18,Female,Single,0,Bachelors,Self-Employed,IT,0,Business,2744330.4,228433.39,50,730,0.17,1,0,0,2,0,0.072,0.34,0.098,0,0,0,0,10725.505,0.0469522342936192,1495269.14868275,0.0,0.6607648678236322,Very High,"(0.013999999999999999, 0.152]",High,Low Risk
243,165363,243656.35,60,8.79,5033.11,Business,Online,47,Female,Married,3,Bachelors,Employed,Finance,13,Salary,885427.51,73018.68,100,727,0.35,2,0,0,1,0,0.069,0.275,0.114,0,0,0,0,18876.996363636365,0.2585192973132225,391777.99950826616,0.7916666666666666,0.32860994042720026,Low,"(0.013999999999999999, 0.152]",Medium,Low Risk
244,5371,156950.12,36,11.76,5195.02,Personal,Agent,23,Male,Married,1,Bachelors,Self-Employed,Manufacturing,0,Business,565690.67,45959.47,43,606,0.38,0,0,0,4,0,0.113,0.277,0.306,0,0,0,1,2816.6357142857146,0.0612838753451762,305067.4246150706,0.0,0.6839921256013873,Low,"(0.229, 0.35]",High,Low Risk
245,14459,216924.52,72,11.17,4147.87,Home,Agent,43,Female,Single,0,High School,Self-Employed,Finance,12,Business,596792.99,47402.97,81,618,0.52,4,1,1,1,26,0.088,0.363,0.156,1,0,0,1,1923.052307692308,0.0405673260634564,319696.012070862,0.0,0.7013711918094427,Low,"(0.152, 0.229]",High,Low Risk
246,54848,457828.72,24,9.21,20959.93,Business,Online,30,Male,Divorced,0,High School,Employed,IT,6,Salary,866038.71,70375.58,70,690,0.37,1,0,0,1,0,0.298,0.529,0.345,0,0,0,0,24250.057272727277,0.3445756709508656,333342.3493706959,0.875,0.20249827414615876,Medium,"(0.229, 0.35]",Low,Low Risk
247,131215,406817.86,48,11.79,10671.18,Education,Mobile App,38,Female,Married,3,Bachelors,Self-Employed,Retail,6,Business,661829.59,53004.21,72,563,0.31,3,0,2,3,0,0.201,0.615,0.33,1,0,0,0,15649.10894736842,0.2952371841818648,262500.4526055503,0.7083333333333334,0.26423717744775804,Medium,"(0.229, 0.35]",Medium,Credit Risk
248,93136,1652433.25,60,7.09,32790.37,Education,Mobile App,29,Female,Divorced,0,Bachelors,Self-Employed,Education,5,Business,1456564.54,118727.67,55,743,0.53,2,0,0,1,0,0.276,1.134,0.32,0,0,1,0,6668.759166666667,0.0561680608960469,828254.7331258574,0.0,0.7547513226966859,Very High,"(0.229, 0.35]",High,Behavioral Risk
249,88927,406080.52,120,8.01,4929.02,Business,Mobile App,53,Female,Married,1,Bachelors,Employed,Manufacturing,12,Salary,1026675.16,85504.82,93,708,0.26,2,0,0,1,0,0.058,0.396,0.094,0,0,0,0,35755.23142857143,0.4181613769515505,377424.5001061135,0.75,0.1739148358351045,Medium,"(0.013999999999999999, 0.152]",Low,Low Risk
250,151381,552073.55,84,9.51,9025.91,Business,Online,50,Female,Married,0,Bachelors,Employed,IT,14,Salary,1484227.43,118792.82,92,685,0.45,1,0,0,1,0,0.076,0.372,0.115,0,0,0,0,39708.376956521744,0.3342629857051633,545166.4910739094,0.9583333333333334,0.15428464663467503,High,"(0.013999999999999999, 0.152]",Low,Low Risk
251,108125,1423868.45,72,13.89,29256.06,Home,Mobile App,66,Male,Married,1,Bachelors,Employed,Manufacturing,23,Salary,2717323.79,218750.03,100,575,0.69,3,2,0,2,122,0.134,0.524,0.187,1,0,0,1,58182.57545454545,0.265976235424105,1132014.0129809491,0.8333333333333334,0.28285547467014344,Very High,"(0.152, 0.229]",Medium,Credit Risk
252,172478,896403.59,84,8.6,14241.0,Personal,Mobile App,54,Female,Married,0,Bachelors,Employed,Healthcare,3,Salary,1527527.77,125519.49,72,669,0.35,0,0,0,0,0,0.113,0.587,0.131,0,0,0,0,33766.89391304348,0.2690149943889119,668483.4530515248,0.875,0.3086450479593004,Very High,"(0.013999999999999999, 0.152]",Medium,Low Risk
253,59395,1430248.28,72,7.58,24784.6,Home,Branch,23,Female,Married,4,Masters,Self-Employed,Healthcare,2,Business,2198726.6,186875.68,63,739,0.26,1,0,0,1,0,0.133,0.65,0.156,0,0,0,0,73195.35363636364,0.3916773009685512,809913.4556668655,0.7916666666666666,0.14299727504745258,Very High,"(0.152, 0.229]",Low,Low Risk
254,2498,1696560.63,60,9.64,35747.12,Business,Mobile App,34,Female,Married,1,Masters,Self-Employed,IT,9,Business,703691.91,57452.07,64,622,0.31,0,0,0,1,0,0.622,2.411,0.673,1,0,1,0,13377.985652173911,0.2328506666775842,319045.6164462639,0.9166666666666666,0.34074234167348344,Very High,"(0.35, 2.5]",Medium,Financial Stress
255,80086,421648.97,60,9.6,8876.03,Business,Online,40,Male,Single,0,Bachelors,Employed,Retail,18,Salary,716280.24,58452.73,97,722,0.26,2,0,0,1,0,0.152,0.589,0.199,0,0,0,0,3173.339,0.054288049710429,401162.0851505908,0.0,0.730180259257145,Medium,"(0.152, 0.229]",High,Low Risk
256,64569,1666163.04,360,10.41,15129.05,Car,Mobile App,44,Female,Married,3,Masters,Self-Employed,Finance,22,Business,2235004.96,189881.15,89,640,0.49,1,0,0,1,0,0.08,0.745,0.115,0,0,0,0,46622.46238095238,0.2455336764459027,1066373.3088237692,0.875,0.3644594045607369,Very High,"(0.013999999999999999, 0.152]",Medium,Low Risk
257,118246,612492.01,48,6.13,14420.93,Education,Online,30,Female,Married,2,High School,Employed,Healthcare,0,Salary,1020612.75,84417.71,47,821,0.36,3,0,0,3,0,0.171,0.6,0.26,0,0,0,1,32853.62318181818,0.3891746649743661,420717.6761340673,0.8333333333333334,0.2736227667993062,High,"(0.229, 0.35]",Medium,Low Risk
258,21771,790327.12,360,7.45,5499.05,Personal,Mobile App,58,Female,Single,0,Bachelors,Employed,Services,7,Salary,1112406.77,92401.52,80,729,0.09,1,0,0,1,0,0.06,0.71,0.086,0,0,0,0,24828.4555,0.2686989002031546,513453.3030673696,0.7916666666666666,0.371953597054465,High,"(0.013999999999999999, 0.152]",Medium,Low Risk
259,87257,367558.99,120,10.53,4965.83,Car,Online,27,Male,Single,1,Bachelors,Employed,Finance,0,Salary,972295.09,82554.55,70,675,0.32,2,0,0,1,0,0.06,0.378,0.1,0,0,0,0,23196.01478260869,0.2809746259652887,423933.7838421725,0.7916666666666666,0.2853188888466483,Medium,"(0.013999999999999999, 0.152]",Medium,Low Risk
260,99085,371576.73,360,8.98,2984.44,Home,Mobile App,34,Female,Married,1,Masters,Employed,Construction,0,Salary,658150.29,53144.19,59,803,0.17,2,1,0,2,44,0.056,0.565,0.14,1,0,0,0,4535.101428571428,0.0853341841203583,368423.3824900517,0.0,0.7529121773022043,Medium,"(0.013999999999999999, 0.152]",High,Behavioral Risk
261,136605,269507.84,36,7.94,8437.94,Home,Mobile App,18,Female,Single,0,High School,Employed,Healthcare,0,Salary,515094.13,42159.11,60,752,0.28,5,1,0,1,38,0.2,0.523,0.262,1,0,0,0,10522.51761904762,0.2495846813266763,226431.897714604,0.7083333333333334,0.34167020928305686,Low,"(0.229, 0.35]",Medium,Low Risk
262,4037,207235.3,60,6.19,4024.77,Car,Online,44,Male,Single,2,Bachelors,Employed,IT,21,Salary,624141.36,52649.46,95,804,0.91,2,0,1,2,0,0.076,0.332,0.198,0,0,0,0,1859.1608333333331,0.0353113882259211,381649.8613558581,0.0,0.8074958785764494,Low,"(0.152, 0.229]",High,Behavioral Risk
263,174817,46689.21,84,13.58,864.16,Car,Online,60,Male,Single,0,High School,Unemployed,Unemployed,0,No Income,170248.63,13659.8,44,514,0.4,0,0,2,2,0,0.063,0.274,0.376,1,1,0,0,4785.55052631579,0.3503126117296052,67221.0721225645,0.625,0.28577301844626873,Low,"(0.35, 2.5]",Medium,Credit Risk
264,58085,139230.17,60,13.72,3219.47,Home,Mobile App,35,Male,Divorced,0,High School,Employed,Construction,13,Salary,359382.15,30315.64,94,592,0.35,2,1,0,2,56,0.106,0.387,0.256,1,0,0,1,11699.610454545456,0.3859138233836419,134589.7268240161,0.7083333333333334,0.17819127602226328,Low,"(0.229, 0.35]",Low,Low Risk
265,151792,2382335.4,84,8.43,37644.01,Business,Online,72,Female,Married,0,Masters,Employed,Education,19,Salary,2495990.06,211901.19,100,699,0.3,3,0,0,2,0,0.178,0.954,0.212,0,0,0,0,92490.93476190476,0.436479371741768,870991.3889807937,0.875,0.0926345824250246,Very High,"(0.152, 0.229]",Low,Low Risk
266,167582,415043.82,48,8.82,10292.95,Personal,Branch,23,Female,Married,2,Bachelors,Self-Employed,Education,2,Business,918462.96,73819.68,45,657,0.18,0,0,0,3,0,0.139,0.452,0.23,0,0,0,1,25203.836842105266,0.3414197328188424,344884.34698193404,0.6666666666666666,0.22341979362199127,Medium,"(0.229, 0.35]",Low,Low Risk
267,24132,943045.82,24,10.65,43800.24,Personal,Mobile App,49,Female,Married,1,Bachelors,Self-Employed,Finance,25,Freelance,1119943.44,89939.51,93,637,0.49,2,0,2,1,0,0.487,0.842,0.534,0,0,0,0,4390.619333333334,0.0488169272481703,616843.6746386369,0.0,0.7278137731242315,Very High,"(0.35, 2.5]",High,Low Risk
268,177022,179804.06,24,17.95,8972.21,Medical,Branch,49,Female,Widowed,1,High School,Unemployed,Unemployed,0,No Income,190620.37,15634.03,41,544,0.4,6,3,1,3,138,0.574,0.943,0.978,1,1,0,1,5970.140909090909,0.3818439049423576,71096.34838804795,0.7916666666666666,0.18590624943622747,Low,"(0.35, 2.5]",Low,Credit Risk
269,49023,96285.42,60,7.11,1911.57,Home,Online,33,Female,Single,0,High School,Employed,Services,12,Salary,317177.47,26139.05,87,760,0.11,3,0,0,3,0,0.073,0.304,0.308,0,0,0,0,9527.819130434782,0.3644912358788442,125807.49826672507,0.9583333333333334,0.209633092464696,Low,"(0.229, 0.35]",Low,Low Risk
270,105842,1313654.2,48,6.72,31286.71,Home,Online,73,Female,Married,1,High School,Self-Employed,Manufacturing,26,Freelance,1692876.95,139840.01,99,799,0.64,0,0,0,1,0,0.224,0.776,0.27,0,0,0,0,54763.818636363634,0.3916148677441877,599250.5951284522,0.8333333333333334,0.12550873123505402,Very High,"(0.229, 0.35]",Low,Low Risk
271,41745,207988.5,24,7.23,9333.88,Personal,Online,48,Female,Divorced,0,Bachelors,Unemployed,Unemployed,0,No Income,225826.08,18501.09,39,749,0.67,3,0,0,0,0,0.505,0.921,0.538,0,1,0,0,681.9912499999999,0.0368602276823861,132984.67412069047,0.0,0.7948597212750281,Low,"(0.35, 2.5]",High,Behavioral Risk
272,162411,541347.95,24,6.34,24075.89,Home,Mobile App,34,Male,Single,1,Masters,Employed,Construction,6,Salary,1817234.67,145610.64,87,833,0.3,1,0,0,2,0,0.165,0.298,0.208,0,0,0,0,6601.1275,0.0453337899360243,983888.9907726616,0.0,0.7053281966225112,High,"(0.152, 0.229]",High,Low Risk
273,65299,1530861.68,60,6.89,30233.51,Personal,Mobile App,27,Female,Married,1,High School,Employed,Retail,6,Salary,838952.98,69431.74,63,747,0.07,0,0,0,2,0,0.435,1.825,0.497,0,0,1,1,2908.2690909090907,0.0418861345657551,450073.7648898471,0.0,0.6459328114965711,Very High,"(0.35, 2.5]",Medium,High Exposure
274,161280,943657.11,240,6.95,7287.87,Business,Mobile App,46,Female,Married,0,Bachelors,Employed,Services,23,Salary,1772633.11,145836.35,100,786,0.15,0,0,0,1,0,0.05,0.532,0.071,0,0,0,0,7388.894,0.0506653062469936,1017158.8184296056,0.0,0.7530431035949172,Very High,"(0.013999999999999999, 0.152]",High,Behavioral Risk
275,51725,256534.01,24,9.74,11806.98,Home,Online,33,Female,Single,0,High School,Employed,IT,4,Salary,950145.28,75571.29,70,654,0.63,2,0,0,2,0,0.156,0.27,0.241,0,0,0,0,23855.19571428572,0.3156606173279349,388762.783447061,0.75,0.3032219989713502,Low,"(0.229, 0.35]",Medium,Low Risk
276,122371,1552836.53,84,10.66,26311.56,Home,Branch,45,Female,Divorced,0,High School,Self-Employed,Finance,6,Business,1852145.97,150133.02,70,660,0.64,2,0,0,3,0,0.175,0.838,0.247,0,0,0,1,7760.442,0.0516900966216717,1024603.823102008,0.0,0.7213594557378107,Very High,"(0.229, 0.35]",High,Low Risk
277,2403,1314499.96,60,7.46,26314.9,Car,Online,31,Male,Married,2,Bachelors,Self-Employed,Services,9,Freelance,770692.01,62739.84,75,730,0.21,0,0,0,0,0,0.419,1.706,0.43,0,0,1,0,3380.7955555555554,0.0538850859433115,396138.443106548,0.0,0.6131664972641867,Very High,"(0.35, 2.5]",Medium,High Exposure
278,20944,321105.02,120,7.96,3889.11,Car,Mobile App,22,Female,Married,2,High School,Employed,Retail,0,Salary,770784.43,63440.74,48,765,0.89,1,0,0,2,0,0.061,0.417,0.169,0,0,0,0,2382.715,0.0375575291598244,446845.7290623656,0.0,0.7643425235550735,Medium,"(0.152, 0.229]",High,Behavioral Risk
279,170139,687397.21,24,10.73,31952.0,Home,Online,32,Male,Married,1,Bachelors,Self-Employed,Finance,0,Freelance,1384969.75,110256.28,63,628,0.21,2,0,1,2,0,0.29,0.496,0.337,0,0,0,0,42164.89,0.3824227298188383,473402.5742473017,0.8333333333333334,0.12494632612551604,High,"(0.229, 0.35]",Low,Low Risk
280,51472,463211.64,72,9.89,8555.71,Car,Mobile App,37,Male,Married,0,Bachelors,Employed,Construction,7,Salary,871072.48,73993.43,77,687,0.15,1,1,0,2,20,0.116,0.532,0.177,1,0,0,1,3169.907142857143,0.0428398075754775,517135.090503278,0.0,0.7540729686985849,Medium,"(0.152, 0.229]",High,Behavioral Risk
281,74018,289108.46,240,12.57,3298.96,Home,Mobile App,32,Male,Married,0,Bachelors,Self-Employed,Construction,2,Business,926384.45,75992.71,46,522,0.58,0,0,0,0,0,0.043,0.312,0.072,1,0,0,0,21793.99347826087,0.2867868074642081,397951.6240941456,0.7916666666666666,0.3084193147993865,Low,"(0.013999999999999999, 0.152]",Medium,Credit Risk
282,67792,259956.99,60,8.33,5312.14,Home,Online,40,Female,Single,1,Bachelors,Employed,Construction,11,Salary,703434.23,57402.6,100,722,0.44,1,0,0,1,0,0.093,0.37,0.149,0,0,0,0,21718.682,0.3783505215700757,259944.38030612812,0.75,0.1880905861798174,Low,"(0.013999999999999999, 0.152]",Low,Low Risk
283,164914,305087.1,48,8.33,7495.42,Home,Online,24,Female,Single,0,High School,Employed,Manufacturing,0,Salary,606418.54,48148.12,57,769,0.37,0,0,0,1,0,0.156,0.503,0.216,0,0,0,0,17484.103636363634,0.3631240536974223,224042.92478395483,0.75,0.21076295908881953,Medium,"(0.152, 0.229]",Low,Low Risk
284,126496,277514.76,48,7.99,6773.64,Car,Mobile App,27,Female,Married,2,High School,Self-Employed,Services,5,Business,389716.66,30979.56,66,719,0.52,2,0,0,0,0,0.219,0.712,0.245,0,0,0,0,13861.31,0.4474196076507332,148928.64470383947,0.7083333333333334,0.27220806242208684,Low,"(0.229, 0.35]",Medium,Low Risk
285,20549,496054.69,84,6.11,7272.83,Home,Agent,36,Male,Married,2,High School,Employed,Finance,11,Salary,939595.94,76023.56,79,806,0.72,2,0,0,0,0,0.096,0.528,0.132,0,0,0,0,4704.058333333333,0.0618755088267966,548182.8705988033,0.0,0.8061612019689097,Medium,"(0.013999999999999999, 0.152]",High,Behavioral Risk
286,66183,1447281.88,36,5.82,43911.18,Business,Agent,27,Female,Single,0,Masters,Employed,IT,5,Salary,1342396.32,113249.03,68,826,0.33,1,0,0,0,0,0.388,1.078,0.404,0,0,1,0,5132.3893333333335,0.0453190991060517,781406.4509034621,0.0,0.7357534869952348,Very High,"(0.35, 2.5]",High,Low Risk
287,95628,422440.63,24,9.8,19454.52,Car,Branch,33,Male,Single,0,Bachelors,Employed,Retail,8,Salary,609538.47,51598.58,73,661,0.7,3,0,0,2,0,0.377,0.693,0.49,0,0,0,0,15685.77590909091,0.3039903795552388,269805.66456632066,0.7916666666666666,0.31115350880119297,Medium,"(0.35, 2.5]",Medium,Low Risk
288,76063,261033.26,60,6.3,5083.0,Home,Online,46,Male,Married,0,High School,Employed,Services,1,Salary,706688.11,56552.62,58,797,0.18,3,0,0,2,0,0.09,0.369,0.17,0,0,0,0,22003.4,0.3890714688113686,265245.60701053875,0.75,0.22528442988284708,Low,"(0.152, 0.229]",Low,Low Risk
289,56832,531423.62,360,6.35,3306.71,Business,Agent,26,Male,Married,1,Bachelors,Employed,Finance,5,Salary,1227992.91,101600.64,62,824,0.36,3,0,0,0,0,0.033,0.433,0.051,0,0,0,0,6113.449090909091,0.0601707717602697,684768.7620507659,0.0,0.7054573399443308,High,"(0.013999999999999999, 0.152]",High,Low Risk
290,17271,338236.13,12,10.14,29758.36,Car,Online,23,Male,Married,1,High School,Employed,Finance,0,Salary,1119078.88,92199.86,39,699,0.26,2,1,0,0,45,0.323,0.302,0.336,1,0,0,0,24280.204782608693,0.2633403287410626,470069.3332118125,0.875,0.2587765581595158,Medium,"(0.229, 0.35]",Medium,Low Risk
291,141696,236249.74,120,5.49,2562.76,Home,Branch,52,Female,Married,1,Bachelors,Self-Employed,Construction,30,Business,462011.95,37612.03,98,805,0.44,1,0,0,2,0,0.068,0.511,0.196,0,0,0,0,15612.084545454543,0.4150711746821393,160561.08539481103,0.7916666666666666,0.13509459263316087,Low,"(0.152, 0.229]",Low,Low Risk
292,66172,1270312.59,360,7.08,8519.78,Business,Mobile App,41,Male,Single,0,Bachelors,Employed,Retail,1,Salary,1015528.3,80713.84,60,748,0.22,1,0,0,0,0,0.106,1.251,0.117,0,0,1,0,3657.866666666667,0.0453183908518763,529805.4079771058,0.0,0.6642205946432829,Very High,"(0.013999999999999999, 0.152]",High,High Exposure
293,91413,81626.86,360,10.74,761.36,Personal,Online,34,Female,Married,0,Bachelors,Employed,Construction,5,Salary,364699.03,30572.72,78,655,0.53,1,0,0,0,0,0.025,0.224,0.051,0,0,0,0,1511.914,0.0494514242951135,201505.90101366263,0.0,0.6710060133738532,Low,"(0.013999999999999999, 0.152]",High,Low Risk
294,132083,186485.93,48,6.75,4444.04,Business,Branch,37,Female,Divorced,0,Bachelors,Employed,IT,0,Salary,520548.78,42704.75,63,794,0.31,0,0,0,2,0,0.104,0.358,0.213,0,0,0,0,15719.815454545454,0.3680959930347893,192732.1847102456,0.8333333333333334,0.16800775732795095,Low,"(0.152, 0.229]",Low,Low Risk
295,110988,395080.64,60,14.62,9320.32,Home,Branch,27,Female,Widowed,0,Bachelors,Self-Employed,Education,0,Business,791142.41,64618.86,41,584,0.67,5,3,0,2,195,0.144,0.499,0.24,1,0,0,1,19232.70434782609,0.2976283815505958,324289.0317660858,0.8333333333333334,0.2576206677372075,Medium,"(0.229, 0.35]",Medium,Low Risk
296,147071,845452.1,72,8.12,14873.1,Personal,Online,28,Male,Single,0,Bachelors,Self-Employed,Healthcare,3,Freelance,973014.98,78756.21,52,708,0.58,1,0,0,0,0,0.189,0.869,0.218,0,0,0,0,19049.31272727273,0.2418738897336856,420135.6729034869,0.8333333333333334,0.3106978296710196,High,"(0.152, 0.229]",Medium,Low Risk
297,113064,63593.05,48,16.77,1827.42,Home,Branch,42,Female,Married,2,High School,Unemployed,Unemployed,0,No Income,119711.83,10000.0,58,567,0.58,3,3,0,1,216,0.183,0.531,0.412,1,1,0,1,3563.6245000000004,0.3563268173182682,48108.79687444838,0.7916666666666666,0.23542287947867624,Low,"(0.35, 2.5]",Low,Credit Risk
298,38812,363812.29,36,9.57,11665.89,Personal,Online,27,Male,Married,1,Bachelors,Employed,Services,3,Salary,681157.36,55029.05,52,704,0.43,2,0,0,0,0,0.212,0.534,0.233,0,0,0,0,2845.918461538461,0.0517157164410801,363959.9132585693,0.0,0.6764864142048808,Medium,"(0.229, 0.35]",High,Low Risk
299,93915,1944936.82,48,6.13,45792.91,Home,Branch,42,Male,Married,2,Masters,Self-Employed,Services,20,Business,2738868.3,220388.38,96,820,0.58,1,0,0,0,0,0.208,0.71,0.237,0,0,0,0,8230.72,0.0373462641439437,1467818.1914495688,0.0,0.6826683213433641,Very High,"(0.229, 0.35]",High,Low Risk
300,2060,302577.84,360,8.24,2271.04,Personal,Agent,40,Female,Married,2,High School,Unemployed,Unemployed,0,No Income,189646.35,15313.42,45,716,0.37,2,0,0,1,0,0.148,1.595,0.297,0,1,1,0,621.2600000000001,0.0405669950282152,102502.92251075796,0.0,0.6905432887428044,Medium,"(0.229, 0.35]",High,High Exposure
301,176623,179037.11,72,11.18,3424.34,Personal,Mobile App,32,Male,Divorced,0,Bachelors,Self-Employed,Retail,3,Business,498289.39,40833.7,58,654,0.18,1,0,0,0,0,0.084,0.359,0.093,0,0,0,0,2129.9190000000003,0.0521595358849214,279676.6764505561,0.0,0.7266754994605835,Low,"(0.013999999999999999, 0.152]",High,Low Risk
302,10279,360348.68,72,6.13,5994.16,Business,Agent,39,Male,Married,0,Bachelors,Employed,Manufacturing,4,Salary,606255.74,48371.69,74,789,0.27,2,0,0,0,0,0.124,0.594,0.137,0,0,0,0,1756.14,0.0363043692629043,339540.4295860427,0.0,0.7588809139257925,Medium,"(0.013999999999999999, 0.152]",High,Behavioral Risk
303,114430,406681.03,36,7.03,12562.71,Home,Branch,62,Male,Divorced,0,High School,Employed,Education,39,Salary,1244792.13,100305.57,100,742,0.19,2,0,0,1,0,0.125,0.327,0.155,0,0,0,0,38507.30761904762,0.3838961657152429,485038.0655825363,0.7916666666666666,0.24782506880691396,Medium,"(0.152, 0.229]",Low,Low Risk
304,85953,1151025.44,48,6.99,27557.4,Business,Online,36,Female,Married,0,Bachelors,Self-Employed,Manufacturing,7,Business,582485.55,46883.11,63,799,0.5,2,0,0,2,0,0.588,1.976,0.698,1,0,1,1,15605.859090909087,0.332860303648914,225890.99541661795,0.7083333333333334,0.24525669246633577,Very High,"(0.35, 2.5]",Low,High Exposure
305,97824,764849.67,60,9.13,15925.32,Personal,Mobile App,44,Male,Single,0,Bachelors,Employed,Retail,15,Salary,1157224.18,97270.32,96,661,0.51,0,0,0,1,0,0.164,0.661,0.21,0,0,0,0,26800.186818181817,0.2755199252789189,525315.2551419865,0.8333333333333334,0.33333890551235107,High,"(0.152, 0.229]",Medium,Low Risk
306,33938,280889.09,240,13.86,3464.39,Personal,Agent,29,Female,Divorced,0,High School,Self-Employed,Manufacturing,1,Business,570321.56,46114.41,56,590,0.67,3,2,0,0,150,0.075,0.493,0.109,1,0,0,0,12579.09818181818,0.2727742891544969,223557.6511441697,0.7083333333333334,0.2362302128006366,Low,"(0.013999999999999999, 0.152]",Low,Low Risk
307,153903,1687748.41,36,7.99,52880.12,Car,Agent,40,Male,Married,0,High School,Employed,IT,11,Salary,1681383.08,142535.18,100,761,0.75,1,0,0,3,0,0.371,1.004,0.451,0,0,1,0,35189.09545454545,0.2468783396225818,802815.6876646341,0.8333333333333334,0.3753913808859281,Very High,"(0.35, 2.5]",Medium,Low Risk
308,30143,149589.44,48,12.69,3990.13,Personal,Mobile App,35,Female,Married,3,PhD,Unemployed,Unemployed,0,No Income,320820.79,26491.03,43,545,0.5,1,0,0,2,0,0.151,0.466,0.327,1,0,0,0,1603.0,0.060508764334028,183523.75945342696,0.0,0.7455280693454519,Low,"(0.229, 0.35]",High,Credit Risk
309,72720,414713.79,36,10.25,13430.38,Home,Agent,24,Male,Single,0,Masters,Employed,Retail,1,Salary,1104262.15,87740.73,52,628,0.7,2,0,3,1,0,0.153,0.376,0.211,0,0,0,0,4147.346666666667,0.0472676646182684,588041.2431755845,0.0,0.6941139715006343,Medium,"(0.152, 0.229]",High,Low Risk
310,19317,440384.68,360,8.04,3243.68,Home,Online,31,Female,Married,2,Masters,Employed,Education,9,Salary,934716.96,76415.13,83,754,0.49,2,0,0,1,0,0.042,0.471,0.093,0,0,0,0,4243.0,0.0555249264782186,507892.9726113468,0.0,0.6843957157212384,Medium,"(0.013999999999999999, 0.152]",High,Low Risk
311,171838,185267.01,60,7.49,3711.49,Education,Online,30,Male,Single,1,Bachelors,Self-Employed,Healthcare,8,Business,734280.23,60384.89,58,747,0.46,0,0,0,1,0,0.061,0.252,0.118,0,0,0,0,17836.69695652174,0.2953785554294512,265282.74775994994,0.8333333333333334,0.12389316778093937,Low,"(0.013999999999999999, 0.152]",Low,Low Risk
312,78500,523284.28,12,6.59,45179.24,Car,Online,30,Female,Single,0,Bachelors,Self-Employed,Retail,0,Freelance,732214.44,62046.75,49,784,0.41,3,0,0,2,0,0.728,0.715,0.813,1,0,0,1,23424.33,0.3775210221160316,293576.58670357696,0.75,0.23112774362728067,High,"(0.35, 2.5]",Low,Financial Stress
313,109653,278236.76,240,9.15,2530.27,Business,Online,18,Female,Single,0,Masters,Employed,Retail,0,Salary,568936.57,45635.07,63,728,0.65,2,0,0,2,0,0.055,0.489,0.176,0,0,0,0,18355.22526315789,0.4022087191810752,203292.05888747747,0.625,0.19978169901099654,Low,"(0.152, 0.229]",Low,Low Risk
314,53814,452462.53,12,14.84,40804.35,Personal,Mobile App,37,Female,Divorced,0,Bachelors,Employed,Healthcare,16,Salary,1647008.02,132710.84,94,582,0.7,4,2,1,1,100,0.307,0.275,0.358,1,0,0,1,6542.024615384616,0.0492949582748955,875027.9839135653,0.0,0.6715245301163641,Medium,"(0.35, 2.5]",High,Low Risk
315,154001,223766.61,84,8.87,3585.45,Car,Agent,43,Male,Married,1,Masters,Employed,Education,2,Salary,435740.89,36376.64,70,682,0.21,3,0,0,1,0,0.099,0.514,0.164,0,0,0,0,13879.957619047618,0.3815518988875479,168386.72584999225,0.75,0.21030736385046353,Low,"(0.152, 0.229]",Low,Low Risk
316,22679,141793.86,84,11.17,2440.55,Medical,Online,25,Male,Married,4,Bachelors,Self-Employed,Finance,0,Freelance,488278.93,40673.45,49,593,0.39,2,0,0,1,0,0.06,0.29,0.129,0,0,0,0,2202.318888888889,0.0541450195119759,264684.3635044632,0.0,0.6544383936803708,Low,"(0.013999999999999999, 0.152]",High,Low Risk
317,133424,256935.89,48,16.36,7329.09,Education,Mobile App,27,Female,Widowed,0,Bachelors,Employed,Finance,6,Salary,395215.07,32752.44,65,524,0.18,4,2,0,2,142,0.224,0.65,0.355,1,0,0,1,15551.224444444446,0.4747966761489616,151569.36220168468,0.7083333333333334,0.2409633020225035,Low,"(0.35, 2.5]",Low,Credit Risk
318,174966,1583223.94,36,7.37,49153.64,Car,Online,46,Male,Single,0,Bachelors,Employed,Finance,17,Salary,1134979.54,90962.38,100,764,0.13,1,0,0,1,0,0.54,1.395,0.569,0,0,1,1,3993.914,0.0439068337170408,658798.3576926002,0.0,0.8083528751832662,Very High,"(0.35, 2.5]",High,Behavioral Risk
319,75652,476287.25,60,10.21,10168.98,Business,Mobile App,56,Male,Single,1,Bachelors,Employed,Healthcare,33,Salary,1202756.8,98233.55,100,619,0.51,1,0,0,2,0,0.104,0.396,0.17,0,0,0,0,3710.405555555556,0.0377708815844889,676110.4369735158,0.0,0.7301575130310379,Medium,"(0.152, 0.229]",High,Low Risk
320,174787,382709.15,60,6.82,7545.64,Personal,Branch,44,Female,Married,3,High School,Self-Employed,Manufacturing,20,Business,802449.58,63807.27,79,762,0.18,1,0,1,1,0,0.118,0.477,0.159,0,0,0,0,3075.119,0.04819311039149,463404.3335554347,0.0,0.8137055139355942,Medium,"(0.152, 0.229]",High,Behavioral Risk
321,103999,771866.47,36,10.13,24953.1,Business,Branch,44,Male,Single,0,Masters,Employed,Manufacturing,6,Salary,1437464.84,119115.43,78,672,0.63,1,0,0,2,0,0.209,0.537,0.275,0,0,0,1,49215.054761904765,0.4131676441436733,561305.5455450938,0.7083333333333334,0.24324224644123932,High,"(0.229, 0.35]",Low,Low Risk
322,65805,192291.6,72,11.0,3660.09,Car,Branch,30,Female,Single,0,High School,Employed,Construction,3,Salary,865456.63,70843.27,72,645,0.23,2,1,2,0,79,0.052,0.222,0.063,1,0,0,0,2581.9366666666665,0.0364452434426477,494496.2528035033,0.0,0.7505666523379867,Low,"(0.013999999999999999, 0.152]",High,Behavioral Risk
323,168811,609417.24,84,10.6,10306.98,Business,Online,42,Male,Divorced,0,High School,Employed,Manufacturing,3,Salary,1592481.35,131639.78,55,623,0.42,2,0,1,1,0,0.078,0.383,0.114,0,0,0,0,46750.49409090909,0.3551368663335866,644399.8908582586,0.875,0.2389674920786969,High,"(0.013999999999999999, 0.152]",Low,Low Risk
324,145953,1130622.15,24,9.8,52068.17,Car,Agent,28,Male,Married,1,PhD,Employed,Finance,2,Salary,1894632.48,155270.16,79,682,0.56,2,0,0,4,0,0.335,0.597,0.415,0,0,0,1,57103.4175,0.367765768607641,765861.1215699245,0.9583333333333334,0.2359351010603745,Very High,"(0.35, 2.5]",Low,Low Risk
325,53459,290049.42,240,5.93,2066.31,Personal,Branch,34,Male,Married,1,Bachelors,Employed,Construction,10,Salary,681955.18,56381.77,71,783,0.22,2,0,0,1,0,0.037,0.425,0.083,0,0,0,0,2326.6363636363635,0.0412650241135077,376344.6151250547,0.0,0.68680064095029,Low,"(0.013999999999999999, 0.152]",High,Low Risk
326,143447,643537.12,360,7.32,4420.65,Home,Online,39,Female,Married,1,Bachelors,Employed,Finance,18,Salary,1081897.6,87379.08,91,814,0.24,5,1,0,0,86,0.051,0.595,0.063,1,0,0,0,26266.053181818184,0.3005954352733275,446922.1041806912,0.8333333333333334,0.27888128587536654,High,"(0.013999999999999999, 0.152]",Medium,Low Risk
327,151640,356640.4,12,6.03,30699.68,Car,Online,32,Male,Single,0,Bachelors,Employed,IT,2,Salary,547387.77,44055.23,80,791,0.43,1,0,0,0,0,0.697,0.652,0.718,1,0,0,0,14743.674736842106,0.3346558417922302,224106.0373435838,0.7916666666666666,0.2887477760835195,Medium,"(0.35, 2.5]",Medium,Financial Stress
328,46645,313367.79,60,9.65,6604.3,Home,Mobile App,23,Male,Married,2,Bachelors,Employed,Retail,0,Salary,692279.81,56365.35,66,664,0.57,3,0,1,2,0,0.117,0.453,0.217,0,0,0,0,23212.852,0.4118210953875849,245474.8713534847,0.7083333333333334,0.1668223277192083,Medium,"(0.152, 0.229]",Low,Low Risk
329,120491,781936.08,120,9.3,10032.64,Car,Online,33,Male,Divorced,0,Masters,Employed,Retail,1,Salary,811045.84,64449.2,71,668,0.39,2,0,0,1,0,0.156,0.964,0.206,0,0,0,0,18666.42409090909,0.2896255417502054,334007.1007231896,0.7916666666666666,0.2975959799187221,High,"(0.152, 0.229]",Medium,Low Risk
330,150112,1424381.69,24,15.14,69158.28,Home,Mobile App,43,Female,Married,0,Masters,Employed,Construction,3,Salary,1572935.27,125165.65,75,461,0.34,3,1,0,0,54,0.553,0.906,0.57,1,0,0,1,8215.845454545455,0.0656392533837524,913655.8432935206,0.0,0.8260566219667816,Very High,"(0.35, 2.5]",High,Behavioral Risk
331,62835,230439.59,120,13.91,3565.49,Personal,Agent,33,Female,Divorced,0,High School,Unemployed,Unemployed,0,No Income,210364.06,17143.9,43,589,0.16,3,2,1,0,78,0.208,1.095,0.216,1,1,1,0,5975.950476190476,0.3485555749051016,76646.20804656192,0.875,0.1468595385671852,Low,"(0.152, 0.229]",Low,Low Risk
332,32281,832730.92,24,9.24,38134.86,Home,Branch,50,Male,Married,1,Bachelors,Employed,Finance,6,Salary,700370.45,58335.38,74,679,0.34,2,0,0,1,0,0.654,1.189,0.705,1,0,1,0,15243.546666666669,0.2613042953070908,300863.2423542694,0.9583333333333334,0.2566381487559735,High,"(0.35, 2.5]",Medium,Financial Stress
333,13617,633542.92,36,8.32,19946.59,Home,Online,42,Male,Married,3,Bachelors,Self-Employed,IT,10,Business,1268345.91,103253.2,85,725,0.63,2,0,0,3,0,0.193,0.5,0.283,0,0,0,0,7490.364,0.0725429474055292,756499.3364557032,0.0,0.8335824625098078,High,"(0.229, 0.35]",High,Behavioral Risk
334,156335,217185.56,84,7.78,3361.34,Home,Online,44,Female,Single,0,Bachelors,Employed,Retail,6,Salary,542091.2,44107.95,81,731,0.31,4,0,0,0,0,0.076,0.401,0.092,0,0,0,0,17151.298571428568,0.3888394208302072,207762.1743096916,0.75,0.22949323414433484,Low,"(0.013999999999999999, 0.152]",Low,Low Risk
335,48706,318024.93,72,9.14,5754.69,Home,Branch,60,Female,Married,1,Bachelors,Employed,IT,28,Salary,650354.95,53580.97,100,702,0.29,1,0,0,0,0,0.107,0.489,0.122,0,0,0,0,2494.422857142857,0.046553399532396,365593.7029557628,0.0,0.7197228651757333,Medium,"(0.013999999999999999, 0.152]",High,Low Risk
336,3532,198966.06,12,10.53,17541.36,Car,Online,60,Female,Married,3,High School,Unemployed,Unemployed,0,No Income,175360.38,14665.18,32,666,0.29,0,0,0,0,0,1.196,1.135,1.211,1,1,1,1,4046.865263157895,0.2759317874973507,76770.60352151399,0.6666666666666666,0.32649166459848533,Low,"(0.35, 2.5]",Medium,Financial Stress
337,38099,594379.57,36,6.06,18098.34,Business,Online,32,Female,Married,0,Bachelors,Employed,Manufacturing,9,Salary,1209054.9,97688.29,76,797,0.18,3,0,0,1,0,0.185,0.492,0.215,0,0,0,0,41119.30285714285,0.4209192518150439,426287.2883396327,0.8333333333333334,0.14970857976740587,High,"(0.152, 0.229]",Low,Low Risk
338,16299,397050.38,60,8.81,8205.55,Personal,Agent,18,Male,Single,0,High School,Employed,Education,0,Salary,711692.36,60488.41,72,707,0.44,1,0,0,1,0,0.136,0.558,0.191,0,0,0,0,21160.644347826088,0.3498239501398028,277065.17007872625,0.875,0.17058547182217634,Medium,"(0.152, 0.229]",Low,Low Risk
339,122763,129697.36,48,11.8,3402.71,Personal,Mobile App,27,Female,Divorced,1,Bachelors,Unemployed,Unemployed,0,No Income,201859.22,16945.62,43,634,0.61,1,0,0,1,0,0.201,0.643,0.349,0,1,0,0,5187.41,0.3061029278994867,84549.50674520376,0.875,0.24646040869155267,Low,"(0.229, 0.35]",Low,Low Risk
340,125387,696312.28,24,6.94,31156.76,Car,Branch,19,Female,Single,0,High School,Employed,Education,0,Salary,752556.18,60353.36,72,775,0.22,1,0,0,0,0,0.516,0.925,0.527,0,0,0,0,23134.180476190475,0.3833058701341622,291117.185213532,0.75,0.2521977950917741,High,"(0.35, 2.5]",Low,Low Risk
341,109391,165171.95,36,8.08,5181.99,Home,Branch,34,Female,Married,3,Bachelors,Unemployed,Unemployed,0,No Income,233522.47,18570.72,48,786,0.25,1,0,0,5,0,0.279,0.707,0.83,1,1,0,1,5373.818499999999,0.2893549170459171,100090.9551316935,0.75,0.3487097522238805,Low,"(0.35, 2.5]",Medium,Low Risk
342,56936,682580.77,60,10.42,14644.29,Personal,Mobile App,26,Male,Divorced,0,High School,Employed,Healthcare,0,Salary,1106147.58,88393.72,61,648,0.24,0,0,0,1,0,0.166,0.617,0.2,0,0,0,0,39207.00052631579,0.4435445977578274,415661.9667457752,0.6666666666666666,0.25599394015179,High,"(0.152, 0.229]",Medium,Low Risk
343,1840,970359.6,36,15.02,33647.34,Business,Branch,35,Female,Married,4,Bachelors,Self-Employed,Healthcare,12,Business,939037.08,74606.55,85,491,0.38,2,1,0,1,74,0.451,1.033,0.497,1,0,1,1,2504.6955555555555,0.0335716097842048,517146.3460492365,0.0,0.7395064057403816,Very High,"(0.35, 2.5]",High,Credit Risk
344,118692,801024.51,60,14.22,18729.93,Personal,Online,34,Female,Divorced,0,Bachelors,Employed,Services,7,Salary,1069508.85,84955.37,81,573,0.38,3,2,0,0,144,0.22,0.749,0.239,1,0,0,1,3277.867857142857,0.0385829556646883,573305.1677159852,0.0,0.7017486413827354,High,"(0.229, 0.35]",High,Credit Risk
345,71358,394723.31,24,9.6,18141.69,Car,Online,28,Female,Single,0,High School,Employed,Healthcare,4,Salary,498488.91,40693.88,69,703,0.4,0,0,0,1,0,0.446,0.792,0.515,0,0,0,0,10532.94761904762,0.2588273418928283,219156.09817258635,0.7916666666666666,0.3329417784815716,Medium,"(0.35, 2.5]",Medium,Low Risk
346,91915,471628.0,36,7.11,14586.24,Personal,Agent,39,Male,Single,0,Bachelors,Employed,Construction,16,Salary,904482.29,76541.27,73,771,0.15,1,0,0,1,0,0.191,0.521,0.224,0,0,0,0,28918.870000000003,0.3778156827593433,341912.79552103684,0.8333333333333334,0.1606860451969602,Medium,"(0.152, 0.229]",Low,Low Risk
347,13823,1126132.74,36,7.49,35024.56,Business,Mobile App,37,Female,Single,0,High School,Employed,Construction,3,Salary,1139132.91,94450.57,61,733,0.16,4,0,0,0,0,0.371,0.989,0.379,0,0,0,0,3299.23125,0.034930401368659,650649.4715305073,0.0,0.7307298963027182,Very High,"(0.35, 2.5]",High,Low Risk
348,160883,986762.48,36,7.81,30835.13,Personal,Branch,40,Male,Married,2,Masters,Employed,Services,2,Salary,860269.12,69366.25,77,731,0.17,1,0,0,0,0,0.445,1.147,0.453,0,0,1,1,3739.581818181818,0.0539099044315843,509316.3118665457,0.0,0.8321738002963195,Very High,"(0.35, 2.5]",High,Behavioral Risk
349,21831,187866.31,240,10.65,1894.59,Personal,Online,65,Male,Single,1,PhD,Unemployed,Unemployed,0,No Income,354524.37,28781.04,52,734,0.32,4,3,0,2,168,0.066,0.53,0.221,1,0,0,1,6942.249090909091,0.2412007311124955,156154.04412369354,0.75,0.3440643962332809,Low,"(0.152, 0.229]",Medium,Low Risk
350,96870,431585.86,48,11.47,11253.33,Personal,Agent,42,Female,Single,1,High School,Self-Employed,Retail,5,Freelance,870626.57,69801.03,60,619,0.56,1,0,2,3,0,0.161,0.496,0.275,0,0,0,0,2492.7090909090907,0.0357111260361495,491416.2456485777,0.0,0.7631764554887571,Medium,"(0.229, 0.35]",High,Behavioral Risk
351,97487,415198.6,36,6.54,12732.98,Business,Agent,18,Female,Single,0,High School,Employed,Finance,0,Salary,636851.36,51629.41,65,796,0.22,0,0,0,1,0,0.247,0.652,0.296,0,0,0,0,2648.389,0.051295137884824,373310.2640040746,0.0,0.8076805876337454,Medium,"(0.229, 0.35]",High,Behavioral Risk
352,110198,439637.2,48,6.07,10339.01,Business,Mobile App,25,Female,Widowed,0,High School,Employed,Healthcare,1,Salary,556926.61,46461.82,67,788,0.22,2,0,0,0,0,0.223,0.789,0.234,0,0,0,0,2176.322307692308,0.0468400821924348,316262.39254286414,0.0,0.7163274549950487,Medium,"(0.229, 0.35]",High,Low Risk
353,14744,873597.95,48,16.55,25004.78,Car,Mobile App,45,Male,Married,3,Masters,Self-Employed,IT,2,Business,1326471.38,111788.22,72,420,0.37,2,0,0,1,0,0.224,0.659,0.26,1,0,0,0,39280.44571428571,0.3513795490681992,546901.9866820364,0.7083333333333334,0.26578731044053294,High,"(0.229, 0.35]",Medium,Credit Risk
354,29922,653551.17,48,8.89,16229.53,Car,Mobile App,25,Male,Divorced,0,High School,Self-Employed,Services,1,Business,1573057.68,125445.2,60,699,0.33,3,0,0,2,0,0.129,0.415,0.178,0,0,0,0,48716.17476190477,0.3883431683215974,555212.199363758,0.8333333333333334,0.15462810118631662,High,"(0.152, 0.229]",Low,Low Risk
355,167756,429268.05,72,6.62,7240.52,Home,Agent,40,Female,Single,0,High School,Employed,Finance,16,Salary,1196803.23,98603.99,92,807,0.3,0,0,0,1,0,0.073,0.359,0.109,0,0,0,0,25580.98136363636,0.2594288723485126,518852.5500904503,0.7916666666666666,0.30681400605457354,Medium,"(0.013999999999999999, 0.152]",Medium,Low Risk
356,127807,43110.44,48,10.69,1107.73,Car,Online,36,Male,Married,0,Bachelors,Unemployed,Unemployed,0,No Income,120117.88,10038.74,42,708,0.51,0,0,0,0,0,0.11,0.359,0.136,0,1,0,0,600.91,0.0598531436073045,64381.119432800806,0.0,0.635718581434377,Low,"(0.013999999999999999, 0.152]",Medium,Low Risk
357,56796,1192414.61,12,7.31,103346.24,Home,Branch,18,Male,Single,0,High School,Employed,Construction,0,Salary,980408.48,83330.48,72,788,0.39,1,0,0,1,0,1.24,1.216,1.284,1,0,1,1,3786.2869230769234,0.0454364535836507,565321.7930308548,0.0,0.7111195843192313,Very High,"(0.35, 2.5]",High,Financial Stress
358,75441,978707.1,60,16.28,23946.11,Personal,Mobile App,36,Male,Married,2,Bachelors,Employed,Manufacturing,15,Salary,918070.95,74487.53,100,524,0.2,6,3,0,1,192,0.321,1.066,0.358,1,0,1,1,22804.770434782607,0.30615143613094,346950.2417705428,0.8333333333333334,0.1830007452245375,Very High,"(0.35, 2.5]",Low,Credit Risk
359,119058,654636.87,360,10.7,6086.32,Car,Online,50,Female,Married,1,Bachelors,Employed,Education,19,Salary,1398139.28,117575.69,100,652,0.17,2,0,0,2,0,0.052,0.468,0.094,0,0,0,0,9147.23,0.077797988699971,784883.5519712969,0.0,0.6962824269129275,High,"(0.013999999999999999, 0.152]",High,Low Risk
360,119840,258998.06,24,10.74,12040.1,Home,Online,44,Non-Binary,Single,0,Bachelors,Unemployed,Unemployed,0,No Income,143399.87,12062.71,36,707,0.31,1,0,0,1,0,0.998,1.806,1.179,1,1,1,0,4435.564782608696,0.3676783330010997,54927.777028816745,0.875,0.16934511783224201,Low,"(0.35, 2.5]",Low,Financial Stress
361,135966,945118.47,36,11.1,30986.74,Personal,Mobile App,49,Female,Married,1,High School,Employed,Finance,16,Salary,1205278.85,101420.02,100,683,0.25,4,1,0,0,21,0.306,0.784,0.318,1,0,0,1,4634.04,0.0456911200459234,689523.4865861258,0.0,0.7142963741443824,Very High,"(0.229, 0.35]",High,Low Risk
362,52106,922767.63,240,6.17,6701.81,Home,Mobile App,18,Female,Single,0,High School,Self-Employed,Healthcare,0,Business,1346906.82,109593.96,65,810,0.1,1,0,0,1,0,0.061,0.685,0.084,0,0,0,0,3788.829090909091,0.0345711982641272,711720.4353072803,0.0,0.6466069064429915,Very High,"(0.013999999999999999, 0.152]",Medium,Low Risk
363,168427,1389111.98,72,7.15,23783.16,Car,Mobile App,45,Male,Married,0,PhD,Self-Employed,Services,9,Business,1768748.22,141637.96,79,768,0.31,1,0,0,3,0,0.168,0.785,0.226,0,0,0,0,54300.8945,0.3833754109744945,617377.1343391088,0.7083333333333334,0.16036669241189144,Very High,"(0.152, 0.229]",Low,Low Risk
364,65564,140205.95,240,13.94,1737.38,Personal,Mobile App,48,Male,Married,0,Bachelors,Self-Employed,Construction,17,Business,823277.92,66576.44,94,524,0.54,1,0,0,0,0,0.026,0.17,0.053,1,0,0,0,2742.7533333333336,0.0411964373116979,427855.7761914533,0.0,0.6338918368079216,Low,"(0.013999999999999999, 0.152]",Medium,Credit Risk
365,38112,434531.72,36,8.53,13723.14,Home,Agent,40,Male,Married,0,Bachelors,Self-Employed,Finance,11,Business,649123.81,52601.88,79,696,0.48,1,0,0,0,0,0.261,0.669,0.285,0,0,0,0,15064.890454545455,0.2863890808743828,264609.7089819252,0.8333333333333334,0.2572861301323983,Medium,"(0.229, 0.35]",Medium,Low Risk
366,83293,784898.44,84,8.29,12347.31,Business,Online,42,Male,Single,0,Bachelors,Employed,Construction,15,Salary,854889.65,67913.05,88,793,0.37,2,1,0,1,69,0.182,0.918,0.23,1,0,0,0,2975.8525000000004,0.0438179213285027,466125.82837732666,0.0,0.7276255345915095,High,"(0.229, 0.35]",High,Low Risk
367,113094,391234.82,60,10.91,8488.84,Business,Agent,28,Male,Single,0,High School,Self-Employed,Services,3,Business,574882.17,47722.54,61,664,0.34,0,0,0,2,0,0.178,0.681,0.279,0,0,0,1,1624.745,0.0340449388289301,344799.8588860132,0.0,0.8021032984888667,Medium,"(0.229, 0.35]",High,Behavioral Risk
368,171487,1240979.48,360,5.35,6929.8,Personal,Online,50,Male,Married,4,High School,Employed,Manufacturing,21,Salary,1136446.72,92851.26,100,810,0.28,2,0,0,0,0,0.075,1.092,0.089,0,0,1,0,4944.908181818181,0.0532556577709382,616230.8493689577,0.0,0.6817440073627158,Very High,"(0.013999999999999999, 0.152]",High,Low Risk
369,13529,433035.14,120,16.37,7354.07,Business,Agent,59,Male,Married,1,Bachelors,Self-Employed,Finance,6,Business,731154.03,60299.09,77,594,0.27,6,4,2,1,288,0.122,0.592,0.169,1,0,0,1,20061.4045,0.3326927787338294,288140.37542341783,0.8333333333333334,0.2154798821102811,Medium,"(0.152, 0.229]",Low,Low Risk
370,127764,1170150.91,36,7.49,36393.6,Home,Online,37,Female,Single,1,Bachelors,Employed,Services,6,Salary,656896.23,54255.74,61,774,0.72,0,0,0,1,0,0.671,1.781,0.744,1,0,1,1,2802.257,0.0516480901727601,352643.49176910805,0.0,0.6521280577545856,Very High,"(0.35, 2.5]",Medium,Financial Stress
371,93921,269081.98,360,6.63,1723.85,Home,Mobile App,38,Female,Single,0,Bachelors,Employed,IT,6,Salary,793139.62,65585.92,73,799,0.33,3,0,0,2,0,0.026,0.339,0.104,0,0,0,1,2039.305555555556,0.0310931746079181,454088.0360331015,0.0,0.7371480091984149,Low,"(0.013999999999999999, 0.152]",High,Low Risk
372,93774,368494.77,36,10.87,12041.37,Car,Mobile App,28,Female,Married,2,Bachelors,Employed,Healthcare,4,Salary,874248.01,72227.91,77,613,0.32,1,0,2,1,0,0.167,0.421,0.21,0,0,0,0,23056.15695652174,0.319209537517896,340843.82388504426,0.875,0.19226564496479956,Medium,"(0.152, 0.229]",Low,Low Risk
373,11832,953327.88,360,9.28,7863.53,Car,Online,30,Female,Married,2,Masters,Employed,Construction,6,Salary,1557771.21,126223.91,71,648,0.2,0,0,1,0,0,0.062,0.612,0.072,0,0,0,0,6315.7625,0.0500357853295359,869841.0643971877,0.0,0.7351200476787246,Very High,"(0.013999999999999999, 0.152]",High,Low Risk
374,168206,255104.91,60,7.59,5122.7,Car,Agent,49,Male,Married,1,High School,Self-Employed,Services,0,Freelance,821174.19,68371.97,55,737,0.56,2,0,0,3,0,0.075,0.311,0.191,0,0,0,0,3224.967777777778,0.047167291076836,485883.3884579306,0.0,0.7802060792200123,Low,"(0.152, 0.229]",High,Behavioral Risk
375,169582,500731.72,36,8.47,15799.91,Education,Mobile App,55,Male,Married,2,High School,Employed,Services,21,Salary,703500.84,56333.24,100,759,0.28,1,0,0,2,0,0.28,0.712,0.365,0,0,0,0,17737.478636363638,0.3148614170771388,280125.6757060612,0.7083333333333334,0.27355620218679905,Medium,"(0.35, 2.5]",Medium,Low Risk
376,110360,540282.58,60,12.65,12196.5,Home,Agent,26,Male,Divorced,0,Bachelors,Employed,IT,4,Salary,773674.32,62192.98,76,581,0.78,3,1,0,3,53,0.196,0.698,0.332,1,0,0,1,2516.482,0.0404618260481159,429278.4393093535,0.0,0.7350268167405712,High,"(0.229, 0.35]",High,Low Risk
377,34448,410911.56,240,7.04,3195.67,Education,Mobile App,27,Male,Divorced,0,High School,Self-Employed,Healthcare,0,Business,1019226.77,82414.31,62,789,0.18,1,0,0,2,0,0.039,0.403,0.096,0,0,0,0,32917.14476190476,0.3994057021917986,384082.7158221012,0.7916666666666666,0.21447493061763567,Medium,"(0.013999999999999999, 0.152]",Low,Low Risk
378,82663,1300778.52,36,7.13,40241.63,Home,Mobile App,40,Male,Single,1,High School,Self-Employed,Finance,15,Business,1286067.44,105909.56,87,772,0.11,2,0,1,5,0,0.38,1.011,0.48,0,0,1,1,36461.3485,0.344265467957114,521443.1224745998,0.7916666666666666,0.25641019372821117,Very High,"(0.35, 2.5]",Medium,Low Risk
379,11483,756228.06,84,8.01,11790.5,Personal,Online,33,Male,Married,2,High School,Self-Employed,Manufacturing,6,Business,2240721.68,183127.71,50,753,0.24,2,0,0,2,0,0.064,0.337,0.098,0,0,0,1,7833.695,0.0427769900197516,1309123.4211771814,0.0,0.7880887375898722,High,"(0.013999999999999999, 0.152]",High,Behavioral Risk
380,45028,388054.27,48,6.34,9174.08,Business,Online,33,Female,Married,2,Bachelors,Unemployed,Unemployed,0,No Income,171505.75,13991.18,34,801,0.54,0,0,0,3,0,0.656,2.263,1.112,1,1,1,1,486.143,0.0347439069537413,90261.5593651926,0.0,0.6374430782465571,Medium,"(0.35, 2.5]",Medium,Financial Stress
381,28679,146323.14,36,8.49,4618.38,Business,Branch,32,Male,Married,2,Bachelors,Unemployed,Unemployed,0,No Income,168377.06,13628.89,43,772,0.31,4,0,0,1,0,0.339,0.869,0.501,0,1,0,0,4393.161904761904,0.3223182215529182,66619.98500551147,0.7916666666666666,0.24321182459182714,Low,"(0.35, 2.5]",Low,Low Risk
382,5451,402646.55,60,7.93,8150.74,Business,Agent,32,Male,Married,3,High School,Employed,Finance,2,Salary,879081.69,71889.57,66,784,0.36,3,0,0,3,0,0.113,0.458,0.215,0,0,0,0,19115.764545454545,0.2659008621778147,390872.3425864121,0.8333333333333334,0.33865998825010585,Medium,"(0.152, 0.229]",Medium,Low Risk
383,153793,371080.11,72,18.95,8664.02,Home,Mobile App,76,Male,Divorced,0,High School,Employed,Finance,15,Salary,741470.91,60404.09,82,455,0.42,4,2,0,1,32,0.143,0.5,0.198,1,0,0,0,26094.0655,0.4319845479909061,274208.3874999631,0.8333333333333334,0.1899691682605408,Medium,"(0.152, 0.229]",Low,Credit Risk
384,118646,628996.55,84,10.72,10677.57,Business,Branch,39,Female,Married,2,High School,Self-Employed,Construction,8,Business,881086.46,72415.58,74,600,0.41,0,0,0,0,0,0.147,0.714,0.168,0,0,0,0,4176.168,0.0576686720085372,551193.2896591058,0.0,0.8904397692173373,High,"(0.152, 0.229]",High,Behavioral Risk
385,137913,70068.52,240,8.74,618.76,Car,Online,18,Male,Single,0,Masters,Unemployed,Unemployed,0,No Income,178990.73,14778.97,65,749,0.28,0,0,0,2,0,0.042,0.391,0.327,0,1,0,0,717.6741666666667,0.048557214031332,105062.50715689371,0.0,0.781002455222148,Low,"(0.229, 0.35]",High,Behavioral Risk
386,174073,974449.24,84,5.55,14026.01,Personal,Mobile App,38,Female,Widowed,0,Bachelors,Employed,Healthcare,4,Salary,2154913.56,175966.43,66,773,0.16,1,0,0,0,0,0.08,0.452,0.088,0,0,0,0,8703.161818181818,0.0494589357711357,1238508.1810470258,0.0,0.7662930440517449,Very High,"(0.013999999999999999, 0.152]",High,Behavioral Risk
387,118755,1252113.27,48,7.84,30473.79,Education,Agent,39,Female,Married,4,Bachelors,Self-Employed,Manufacturing,6,Freelance,1748786.49,144800.89,51,732,0.92,1,0,0,1,0,0.21,0.716,0.27,0,0,0,0,9937.883125,0.0686308937335003,912168.816197282,0.0,0.6138556417025586,Very High,"(0.229, 0.35]",Medium,Low Risk
388,49505,819064.23,72,5.0,13190.97,Home,Online,36,Male,Married,0,Bachelors,Employed,Education,2,Salary,1893844.42,153126.64,66,816,0.39,1,0,0,1,0,0.086,0.432,0.119,0,0,0,0,7815.368235294118,0.0510382595545397,1072205.7830865956,0.0,0.758979161348296,High,"(0.013999999999999999, 0.152]",High,Behavioral Risk
389,64044,631334.56,240,7.84,5218.04,Home,Mobile App,18,Female,Single,0,Bachelors,Self-Employed,IT,0,Business,738500.1,58724.09,54,740,0.15,2,0,0,0,0,0.089,0.855,0.096,0,0,0,0,14468.664347826085,0.2463796027869192,319342.87892782624,0.875,0.3267614342952798,High,"(0.013999999999999999, 0.152]",Medium,Low Risk
390,58823,401773.05,72,6.94,6838.26,Personal,Mobile App,27,Female,Single,1,High School,Employed,Healthcare,1,Salary,870296.23,71195.29,55,746,0.3,2,0,0,1,0,0.096,0.462,0.139,0,0,0,0,3693.859230769231,0.051882748816957,515449.6403385964,0.0,0.8098334283096025,Medium,"(0.013999999999999999, 0.152]",High,Behavioral Risk
391,143863,574624.54,60,8.35,11747.8,Medical,Branch,47,Male,Divorced,0,High School,Self-Employed,Healthcare,24,Business,962628.03,79191.26,95,723,0.47,3,0,0,2,0,0.148,0.597,0.222,0,0,0,0,27010.37761904762,0.3410734536310445,390338.8361661648,0.7916666666666666,0.2567813467031511,High,"(0.152, 0.229]",Medium,Low Risk
392,174609,744418.55,60,5.78,14315.67,Education,Mobile App,36,Female,Married,0,High School,Employed,Finance,1,Salary,1145375.27,94339.78,53,832,0.24,1,0,0,0,0,0.152,0.65,0.164,0,0,0,0,25017.19363636364,0.2651789993294908,482069.3565273904,0.8333333333333334,0.26880504375294106,High,"(0.152, 0.229]",Medium,Low Risk
393,44166,818339.97,24,6.36,36402.22,Education,Online,41,Female,Single,2,Bachelors,Employed,Retail,2,Salary,1220049.79,100467.84,65,780,0.37,3,0,0,1,0,0.362,0.671,0.401,0,0,0,0,29330.36869565217,0.2919349790009736,484475.204873652,0.875,0.207273134647679,High,"(0.35, 2.5]",Low,Low Risk
394,109370,243645.16,72,8.93,4383.38,Car,Online,22,Male,Married,0,High School,Employed,Finance,0,Salary,502878.2,40420.91,55,687,0.49,0,0,0,1,0,0.108,0.485,0.182,0,0,0,0,20185.84882352941,0.4993788968292049,175025.14778522987,0.6666666666666666,0.19096416585510295,Low,"(0.152, 0.229]",Low,Low Risk
395,50688,97789.1,24,15.01,4741.93,Personal,Mobile App,39,Female,Married,2,High School,Unemployed,Unemployed,0,No Income,161422.03,12860.46,46,541,0.65,0,0,1,0,0,0.369,0.606,0.401,1,1,0,0,556.3361538461538,0.0432560653181018,80669.43535619418,0.0,0.6015701999102943,Low,"(0.35, 2.5]",Medium,Credit Risk
396,39077,52811.31,60,9.9,1119.49,Education,Branch,33,Female,Married,0,Bachelors,Unemployed,Unemployed,0,No Income,205829.64,16359.24,40,697,0.36,0,0,0,1,0,0.068,0.257,0.209,0,1,0,0,6240.037619047619,0.381414797035228,81578.49168707767,0.7083333333333334,0.293506348901232,Low,"(0.152, 0.229]",Medium,Low Risk
397,14934,446361.81,24,7.13,20011.09,Car,Online,61,Male,Widowed,0,Bachelors,Employed,Healthcare,30,Salary,1337492.14,108575.14,100,753,0.37,1,0,0,2,0,0.184,0.334,0.24,0,0,0,0,6059.933636363637,0.0558127562497951,683604.8174596535,0.0,0.6098690703178566,Medium,"(0.229, 0.35]",Medium,Low Risk
398,97535,746380.19,36,10.38,24216.97,Personal,Branch,37,Female,Single,0,High School,Employed,Healthcare,6,Salary,1346546.61,110950.31,55,679,0.63,2,1,0,0,35,0.218,0.554,0.25,1,0,0,0,7423.945,0.0669117381308972,724328.1507861473,0.0,0.6621632693588059,High,"(0.229, 0.35]",High,Low Risk
399,27694,77029.25,48,10.54,1973.7,Personal,Online,48,Male,Married,0,High School,Employed,Services,18,Salary,276991.92,23038.08,92,685,0.25,1,0,0,0,0,0.086,0.278,0.098,0,1,0,0,626.49,0.0271924920613149,149642.99969984216,0.0,0.6449520020243996,Low,"(0.013999999999999999, 0.152]",Medium,Low Risk
400,168598,351128.05,36,15.09,12187.45,Car,Mobile App,30,Female,Single,1,Bachelors,Employed,IT,4,Salary,623370.17,52948.47,71,475,0.67,1,0,1,2,0,0.23,0.563,0.339,1,0,0,0,15152.031428571428,0.2861602095086396,276176.422861408,0.8333333333333334,0.2967337550761078,Medium,"(0.229, 0.35]",Medium,Credit Risk
401,144519,366106.14,60,15.51,8807.95,Personal,Branch,31,Male,Married,3,Bachelors,Employed,IT,5,Salary,1158089.62,96188.01,71,551,0.41,2,2,0,1,124,0.092,0.316,0.133,1,0,0,0,26575.236666666664,0.2762814241114101,498002.63490181474,0.7916666666666666,0.2931060296344831,Medium,"(0.013999999999999999, 0.152]",Medium,Credit Risk
402,59092,242233.93,360,5.6,1390.61,Car,Branch,22,Male,Married,2,High School,Employed,IT,1,Salary,378523.37,31952.16,57,800,0.38,4,0,0,3,0,0.044,0.64,0.25,0,0,0,0,9147.992272727271,0.2862938211033672,160595.9379194805,0.9166666666666666,0.24213955266437404,Low,"(0.229, 0.35]",Low,Low Risk
403,36612,680784.91,24,10.12,31452.49,Personal,Mobile App,36,Female,Married,0,Bachelors,Employed,Healthcare,5,Salary,769634.96,64969.85,78,656,0.55,2,0,0,2,0,0.484,0.885,0.573,0,0,0,0,2993.715833333333,0.0460778308015569,472569.3778028396,0.0,0.8155309501169842,High,"(0.35, 2.5]",High,Behavioral Risk
404,14471,433242.88,72,15.88,9369.23,Business,Mobile App,49,Male,Married,0,Bachelors,Employed,Construction,19,Salary,1066379.35,85103.43,92,459,0.56,4,1,2,0,77,0.11,0.406,0.138,1,0,0,0,32712.0615,0.3843755430827749,403567.1402539853,0.7916666666666666,0.22802991661114672,Medium,"(0.013999999999999999, 0.152]",Low,Credit Risk
405,97828,763393.0,12,5.98,65695.49,Business,Online,44,Female,Married,0,Bachelors,Self-Employed,Services,8,Business,1520663.68,125449.13,77,794,0.35,1,0,0,0,0,0.524,0.502,0.541,0,0,0,0,35026.12909090909,0.2792036093618164,614876.8863155098,0.7916666666666666,0.23508612193798872,High,"(0.35, 2.5]",Low,Low Risk
406,33435,546494.46,12,9.16,47832.31,Business,Agent,40,Female,Single,1,Bachelors,Employed,Education,4,Salary,878334.96,71339.87,64,699,0.23,0,0,0,1,0,0.67,0.622,0.71,1,0,0,1,4534.544545454545,0.0635616659210147,460896.2363723499,0.0,0.6468560433523755,High,"(0.35, 2.5]",Medium,Financial Stress
407,176161,358310.42,48,8.46,8824.98,Car,Online,23,Male,Married,0,High School,Employed,Construction,2,Salary,883910.05,73531.04,64,739,0.31,3,0,0,0,0,0.12,0.405,0.136,0,0,0,0,26673.399523809523,0.362745267556966,339103.6831358696,0.875,0.18054274232812567,Medium,"(0.013999999999999999, 0.152]",Low,Low Risk
408,178054,378542.2,60,12.05,8430.03,Medical,Agent,39,Female,Divorced,0,Bachelors,Employed,Education,12,Salary,723844.05,60659.13,97,643,0.29,2,1,0,0,31,0.139,0.523,0.153,1,0,0,0,2345.7533333333336,0.0386704303688985,407978.32200615935,0.0,0.6969608642066288,Medium,"(0.152, 0.229]",High,Low Risk
409,42200,233912.0,48,10.64,6004.77,Personal,Branch,26,Male,Married,1,Bachelors,Employed,Education,2,Salary,720344.14,58058.3,81,636,0.44,1,0,2,1,0,0.103,0.325,0.16,0,0,0,0,22260.204761904763,0.3834046356381279,271981.4501885236,0.75,0.22264052373192728,Low,"(0.152, 0.229]",Low,Low Risk
410,179035,446373.36,360,12.68,4826.39,Home,Branch,35,Female,Married,0,Masters,Employed,Manufacturing,2,Salary,656775.23,54358.22,66,581,0.2,2,1,1,3,54,0.089,0.68,0.209,1,0,0,1,3539.1980000000003,0.065107593523233,378860.9115908207,0.0,0.75566216148317,Medium,"(0.152, 0.229]",High,Behavioral Risk
411,166379,422152.27,120,6.09,4705.86,Business,Branch,52,Female,Married,2,PhD,Employed,Construction,24,Salary,954768.81,77707.97,100,790,0.14,0,0,0,0,0,0.061,0.442,0.068,0,0,0,0,5709.543333333334,0.0734734141159422,492282.9206322045,0.0,0.6226590726928151,Medium,"(0.013999999999999999, 0.152]",Medium,Low Risk
412,156908,327986.05,72,11.46,6320.46,Business,Mobile App,47,Female,Married,1,Bachelors,Employed,Education,16,Salary,1433099.56,119665.17,96,639,0.6,1,1,1,0,18,0.053,0.229,0.083,1,0,0,0,6470.2245454545455,0.0540689532008465,845671.463276254,0.0,0.7735700698862773,Medium,"(0.013999999999999999, 0.152]",High,Behavioral Risk
413,69369,218350.62,36,5.99,6641.66,Business,Agent,25,Male,Married,1,Bachelors,Employed,Manufacturing,2,Salary,785875.0,65727.72,68,778,0.35,2,0,0,0,0,0.101,0.278,0.119,0,0,0,0,20407.5155,0.3104809510971764,338218.39759431174,0.75,0.3022010140623347,Low,"(0.013999999999999999, 0.152]",Medium,Low Risk
414,47424,308197.77,48,15.29,8622.75,Education,Online,36,Male,Single,1,High School,Employed,Construction,9,Salary,658615.17,53596.83,81,511,0.56,4,2,1,1,36,0.161,0.468,0.226,1,0,0,1,2629.9728571428573,0.0490686443302435,369153.28507393727,0.0,0.7340780375298818,Medium,"(0.152, 0.229]",High,Credit Risk
415,145879,160290.43,12,7.47,13904.16,Home,Branch,18,Female,Single,0,High School,Self-Employed,Services,0,Freelance,423541.61,34632.83,45,775,0.25,5,1,0,1,43,0.401,0.378,0.472,1,0,0,1,9935.384090909092,0.2868693439596225,170905.7251365986,0.875,0.2299358250812785,Low,"(0.35, 2.5]",Low,Low Risk
416,117748,610916.66,72,7.47,10553.95,Personal,Online,35,Female,Married,2,Masters,Employed,Healthcare,10,Salary,957159.65,79247.03,100,764,0.11,1,0,0,0,0,0.133,0.638,0.139,0,0,0,0,33704.910476190475,0.4253091272576804,333783.04197013966,0.75,0.13269567558931528,High,"(0.013999999999999999, 0.152]",Low,Low Risk
417,128909,1601241.55,72,13.7,32738.09,Business,Agent,45,Female,Married,1,Bachelors,Employed,Education,22,Salary,1608677.02,135160.38,100,593,0.24,1,1,2,2,52,0.242,0.995,0.284,1,0,0,0,46659.81409090909,0.3452155792646471,614724.800545005,0.9166666666666666,0.15542911075180005,Very High,"(0.229, 0.35]",Low,Low Risk
418,118070,893012.5,12,9.67,78372.99,Education,Branch,39,Female,Married,1,Bachelors,Employed,Construction,17,Salary,945935.3,75120.18,100,698,0.21,1,0,0,0,0,1.043,0.944,1.054,1,0,0,1,22217.092173913043,0.2957500424502523,387127.6769597814,0.9166666666666666,0.2716845007838772,Very High,"(0.35, 2.5]",Medium,Financial Stress
419,3141,887335.71,60,15.48,21333.88,Home,Mobile App,48,Male,Single,0,Bachelors,Employed,Services,14,Salary,1847947.44,148644.36,75,523,0.54,2,2,0,0,68,0.144,0.48,0.171,1,0,0,1,6353.373076923077,0.0427418190310351,1040768.0971790176,0.0,0.7567837921848585,Very High,"(0.152, 0.229]",High,Behavioral Risk
420,5456,2192442.39,48,11.24,56920.69,Car,Online,54,Male,Married,0,High School,Self-Employed,Education,18,Business,3416778.39,290057.42,81,609,0.61,1,0,0,2,0,0.196,0.642,0.241,0,0,0,1,111707.87260869566,0.3851219785610625,1219797.8930214788,0.9583333333333334,0.08554572056544568,Very High,"(0.229, 0.35]",Low,Low Risk
421,102324,95230.28,60,8.47,1952.42,Car,Mobile App,37,Male,Divorced,0,High School,Self-Employed,Retail,9,Business,318620.64,25696.03,61,686,0.17,1,0,0,1,0,0.076,0.299,0.162,0,0,0,0,9647.14238095238,0.3754185748684723,122243.5567574636,0.75,0.23605174783490335,Low,"(0.152, 0.229]",Low,Low Risk
422,24766,1021184.03,72,12.62,20295.12,Personal,Mobile App,29,Male,Divorced,0,Bachelors,Self-Employed,IT,1,Freelance,1232863.37,100423.76,58,605,0.59,3,0,1,2,0,0.202,0.828,0.271,0,0,0,0,6313.185833333333,0.0628648336658542,650568.0052592979,0.0,0.6504436795427414,Very High,"(0.229, 0.35]",Medium,Low Risk
423,58095,1096898.81,48,7.5,26521.81,Personal,Agent,26,Female,Single,0,Bachelors,Employed,Retail,1,Salary,1981593.23,158861.23,64,747,0.18,0,0,0,4,0,0.167,0.554,0.226,0,0,0,1,7875.623000000001,0.0495751759244472,1095263.543904197,0.0,0.7356889081980118,Very High,"(0.152, 0.229]",High,Low Risk
424,116174,472082.76,60,8.06,9585.7,Business,Branch,36,Female,Married,2,Bachelors,Employed,Healthcare,9,Salary,846672.93,70589.74,66,766,0.52,0,0,0,0,0,0.136,0.558,0.162,0,0,0,0,22711.126190476192,0.3217295383286276,349999.52534174593,0.875,0.24384888155598683,Medium,"(0.152, 0.229]",Low,Low Risk
425,112249,714011.06,24,8.86,32573.57,Personal,Agent,43,Female,Divorced,1,High School,Employed,IT,9,Salary,1114751.04,92372.73,69,696,0.42,3,0,0,1,0,0.353,0.641,0.395,0,0,0,1,6224.451818181818,0.0673833547501201,651463.3003529538,0.0,0.7738957054015161,High,"(0.35, 2.5]",High,Behavioral Risk
426,96068,784664.31,48,6.85,18735.21,Car,Mobile App,18,Female,Single,0,Bachelors,Employed,Construction,0,Salary,1045985.67,88635.24,56,764,0.66,4,0,0,0,0,0.211,0.75,0.244,0,0,0,0,4849.99,0.0547179122219083,640711.4931583739,0.0,0.8081540716467882,High,"(0.229, 0.35]",High,Behavioral Risk
427,61203,454035.12,12,6.43,39166.98,Personal,Online,57,Female,Married,0,Masters,Self-Employed,Manufacturing,13,Business,2027350.27,161085.9,86,756,0.12,2,0,0,0,0,0.243,0.224,0.249,0,0,0,0,6239.025000000001,0.0387308030634396,1079102.508889053,0.0,0.6912783230411971,Medium,"(0.229, 0.35]",High,Low Risk
428,55996,1128553.94,240,7.57,9139.92,Personal,Online,49,Male,Single,2,High School,Self-Employed,Manufacturing,23,Business,1756784.92,149235.76,100,749,0.39,1,0,0,1,0,0.061,0.642,0.094,0,0,0,0,6343.869090909091,0.0425087564947744,1046875.4100169516,0.0,0.7595302657478565,Very High,"(0.013999999999999999, 0.152]",High,Behavioral Risk
429,4054,387327.78,48,10.36,9890.73,Car,Agent,40,Female,Single,0,Bachelors,Employed,IT,19,Salary,784217.49,64450.67,99,642,0.39,2,0,0,2,0,0.153,0.494,0.235,0,0,0,1,3201.0325,0.0496656254213428,429291.1156812621,0.0,0.6859343298477637,Medium,"(0.229, 0.35]",High,Low Risk
430,82560,177560.37,48,8.31,4360.65,Personal,Online,39,Male,Divorced,0,High School,Employed,Finance,15,Salary,506427.39,40916.43,90,708,0.65,1,0,0,0,0,0.107,0.351,0.139,0,0,0,0,15014.53,0.3669470443280528,187867.6655337522,0.8333333333333334,0.18440026833766313,Low,"(0.013999999999999999, 0.152]",Low,Low Risk
431,41088,2228770.97,60,7.99,45180.77,Medical,Mobile App,57,Male,Single,1,Bachelors,Employed,Healthcare,22,Salary,2648511.49,213747.87,100,743,0.57,0,0,0,4,0,0.211,0.842,0.277,0,0,0,0,85219.44045454545,0.3986895484151352,924363.4159008446,0.9166666666666666,0.12148939501299964,Very High,"(0.229, 0.35]",Low,Low Risk
432,30279,359345.72,12,9.46,31502.02,Personal,Online,30,Male,Married,1,High School,Employed,Finance,6,Salary,741100.74,62534.26,57,682,0.35,2,0,1,0,0,0.504,0.485,0.521,0,0,0,0,19882.771904761907,0.3179449786370426,322128.7721638401,0.7916666666666666,0.29817767356613856,Medium,"(0.35, 2.5]",Medium,Low Risk
433,123482,882257.34,12,10.29,77683.48,Home,Online,40,Female,Single,1,PhD,Employed,Education,1,Salary,1956218.04,159254.9,75,646,0.45,1,0,3,2,0,0.488,0.451,0.535,0,0,0,0,7525.566875,0.047254556189127,1051800.7619959998,0.0,0.6733511758202476,High,"(0.35, 2.5]",High,Low Risk
434,11137,94371.13,240,12.0,1039.11,Medical,Agent,26,Male,Single,1,PhD,Unemployed,Unemployed,0,No Income,192718.89,16298.45,53,614,0.33,3,0,0,1,0,0.064,0.49,0.203,0,1,0,0,4755.141818181819,0.2917363357770856,88548.26665017274,0.875,0.33721524174844436,Low,"(0.152, 0.229]",Medium,Low Risk
435,29872,351538.72,48,7.17,8445.79,Car,Agent,18,Female,Single,0,Bachelors,Self-Employed,Manufacturing,0,Business,339520.11,27119.68,57,781,0.33,1,0,0,0,0,0.311,1.035,0.328,0,0,1,0,7181.840869565217,0.2648105014168235,139087.25131105626,0.9166666666666666,0.258472030114299,Medium,"(0.229, 0.35]",Medium,Low Risk
436,106042,146984.68,84,5.0,2077.47,Personal,Agent,43,Male,Single,0,High School,Self-Employed,IT,11,Business,453312.38,37436.5,81,816,0.28,2,0,0,0,0,0.055,0.324,0.069,0,0,0,0,10082.83857142857,0.2693245695206296,204432.9481051792,0.7916666666666666,0.3516586812640177,Low,"(0.013999999999999999, 0.152]",Medium,Low Risk
437,120369,110041.43,48,10.86,2836.6,Education,Online,36,Male,Single,0,Bachelors,Unemployed,Unemployed,0,No Income,180520.66,14646.59,49,681,0.29,3,0,0,2,0,0.194,0.61,0.481,0,1,0,0,608.2633333333333,0.0415265127801456,92333.09379305637,0.0,0.6078262324280449,Low,"(0.35, 2.5]",Medium,Low Risk
438,132184,2374308.2,120,7.82,28581.58,Business,Agent,57,Female,Married,0,Bachelors,Employed,Construction,28,Salary,2560736.0,208335.01,100,744,0.26,0,0,0,0,0,0.137,0.927,0.15,0,0,0,0,75897.06571428571,0.3643012348863055,1008459.2713571924,0.8333333333333334,0.23678139984571947,Very High,"(0.013999999999999999, 0.152]",Low,Low Risk
439,155302,479231.34,84,10.13,7988.03,Education,Branch,51,Female,Married,1,Masters,Employed,Manufacturing,22,Salary,698191.57,55873.16,100,640,0.25,1,0,1,0,0,0.143,0.686,0.155,0,0,0,0,3144.5988888888887,0.0562800208341188,384387.1053240328,0.0,0.7342273902124344,Medium,"(0.152, 0.229]",High,Low Risk
440,17816,240916.86,240,5.61,1672.24,Personal,Mobile App,41,Male,Married,0,Bachelors,Self-Employed,Manufacturing,4,Business,407167.66,33350.07,58,796,0.37,2,0,0,4,0,0.05,0.592,0.309,0,0,0,1,10491.831818181818,0.3145875625034464,155498.00453443773,0.7916666666666666,0.19325382096251512,Low,"(0.229, 0.35]",Low,Low Risk
441,20041,178268.81,240,9.81,1697.95,Personal,Online,33,Female,Married,2,Bachelors,Employed,Retail,10,Salary,507456.32,40389.22,94,685,0.42,1,0,1,0,0,0.042,0.351,0.063,0,0,0,0,15407.3185,0.3814616137272834,207067.9440220555,0.6666666666666666,0.33049250229700666,Low,"(0.013999999999999999, 0.152]",Medium,Low Risk
442,121004,480757.04,36,9.84,15476.59,Medical,Branch,23,Male,Single,0,High School,Employed,Manufacturing,0,Salary,583591.3,46713.02,64,708,0.47,2,0,0,1,0,0.331,0.824,0.398,0,0,0,1,2147.679230769231,0.0459750462659653,318938.968890817,0.0,0.7205131784557884,Medium,"(0.35, 2.5]",High,Low Risk
443,133945,365565.37,72,15.19,7767.65,Business,Agent,49,Male,Widowed,0,Bachelors,Employed,Manufacturing,12,Salary,896465.87,76106.4,87,516,0.37,4,2,0,0,152,0.102,0.408,0.121,1,0,0,0,26441.92304347826,0.3474290679155806,356535.56232147146,0.9166666666666666,0.1850740830532343,Medium,"(0.013999999999999999, 0.152]",Low,Credit Risk
444,32857,600781.83,360,9.29,4959.91,Home,Online,43,Male,Widowed,0,Masters,Self-Employed,Education,6,Business,1072681.25,88211.27,75,696,0.15,0,0,0,1,0,0.056,0.56,0.086,0,0,0,0,31241.52,0.3541629752867712,394022.8298573934,0.75,0.1687909952213779,High,"(0.013999999999999999, 0.152]",Low,Low Risk
445,75080,778241.65,72,10.54,14630.4,Education,Mobile App,34,Male,Married,1,Bachelors,Employed,Services,3,Salary,1053783.83,86886.61,55,645,0.28,2,0,1,0,0,0.168,0.739,0.182,0,0,0,0,2773.4992307692305,0.0319205377011662,649130.6729886694,0.0,0.8539410846820606,High,"(0.152, 0.229]",High,Behavioral Risk
446,56992,225673.83,120,9.2,2883.22,Personal,Online,37,Male,Married,0,Bachelors,Employed,IT,1,Salary,623481.05,49712.77,61,714,0.51,1,0,0,3,0,0.058,0.362,0.204,0,0,0,0,2718.909333333333,0.0546912723242138,320785.44369077514,0.0,0.6429215609070638,Low,"(0.152, 0.229]",Medium,Low Risk
447,152034,165008.72,48,5.58,3843.54,Education,Branch,29,Male,Married,1,High School,Employed,Manufacturing,7,Salary,530797.14,43811.69,81,795,0.26,1,0,0,1,0,0.088,0.311,0.146,0,0,0,0,2453.403,0.0559975431775588,266796.03858049255,0.0,0.5659178180366513,Low,"(0.013999999999999999, 0.152]",Medium,Low Risk
448,134623,1965520.49,60,7.86,39722.11,Business,Mobile App,20,Male,Single,0,High School,Employed,Finance,0,Salary,769593.17,61531.71,57,784,0.3,4,0,0,1,0,0.646,2.554,0.693,1,0,1,0,23048.447272727277,0.3745722766432239,267585.2919713291,0.7916666666666666,0.14176118808590799,Very High,"(0.35, 2.5]",Low,Financial Stress
449,17844,771289.3,36,6.16,23520.07,Personal,Branch,54,Female,Married,0,Bachelors,Employed,Services,12,Salary,800364.26,64643.39,72,815,0.46,1,0,0,1,0,0.364,0.964,0.418,0,0,0,0,23680.73285714285,0.3663230924932984,301308.1244249314,0.7916666666666666,0.2061654134856942,High,"(0.35, 2.5]",Low,Low Risk
450,150574,262771.92,24,8.42,11934.86,Education,Mobile App,18,Male,Single,0,High School,Employed,Retail,0,Salary,558347.56,45743.35,71,738,0.28,1,0,0,1,0,0.261,0.471,0.319,0,0,0,0,1949.21,0.0426109453954422,333462.51872220705,0.0,0.8180816634354718,Low,"(0.229, 0.35]",High,Behavioral Risk
451,176004,1032278.09,240,8.91,9228.01,Car,Mobile App,39,Male,Single,0,Bachelors,Employed,Finance,16,Salary,1329197.58,107825.87,89,720,0.31,0,0,0,1,0,0.086,0.777,0.12,0,0,0,0,37928.71428571428,0.3517556828433792,495126.2754157178,0.7916666666666666,0.18771850280980834,Very High,"(0.013999999999999999, 0.152]",Low,Low Risk
452,90308,1400071.65,60,8.47,28704.37,Personal,Branch,53,Female,Married,1,Bachelors,Self-Employed,Finance,22,Business,2331805.48,197350.38,87,731,0.22,3,1,0,1,75,0.145,0.6,0.167,1,0,0,0,57588.18565217392,0.291805335499422,1013047.5301565758,0.8333333333333334,0.28058023594940473,Very High,"(0.152, 0.229]",Medium,Low Risk
453,25926,517983.85,60,8.23,10559.95,Home,Branch,19,Male,Single,0,High School,Employed,Construction,0,Salary,801595.95,66220.3,67,705,0.34,2,0,1,2,0,0.159,0.646,0.237,0,0,0,1,26535.291904761903,0.4007062969884599,288604.55906086764,0.7916666666666666,0.15046572278978998,Medium,"(0.229, 0.35]",Low,Low Risk
454,117567,1835241.33,48,7.8,44631.51,Personal,Branch,30,Female,Married,1,High School,Self-Employed,Healthcare,8,Business,1523797.06,124590.4,58,738,0.36,1,0,0,0,0,0.358,1.204,0.376,0,0,1,0,34365.40869565217,0.2758248859524186,616346.5211663403,0.7916666666666666,0.24392834090658655,Very High,"(0.35, 2.5]",Low,High Exposure
455,136812,135019.13,48,6.58,3206.96,Home,Branch,30,Male,Married,1,PhD,Unemployed,Unemployed,0,No Income,204533.13,16404.21,68,847,0.23,1,0,0,3,0,0.195,0.66,0.573,0,1,0,0,6628.926666666666,0.4040744779656381,76218.32830734739,0.7916666666666666,0.21261239618688585,Low,"(0.35, 2.5]",Low,Low Risk
456,178103,739383.18,24,11.18,34522.87,Car,Branch,32,Male,Widowed,1,Bachelors,Self-Employed,Services,8,Business,1651638.67,131220.0,69,624,0.43,1,0,2,1,0,0.263,0.448,0.3,0,0,0,0,5529.352857142857,0.0421377131491366,875598.6472684152,0.0,0.6865735054615384,High,"(0.229, 0.35]",High,Low Risk
457,176567,90733.03,48,7.86,2209.1,Personal,Online,49,Male,Widowed,0,Masters,Unemployed,Unemployed,0,No Income,155896.21,12978.49,49,772,0.22,2,0,0,0,0,0.17,0.582,0.181,0,1,0,0,4607.222608695652,0.3549617595680301,59933.27047792673,0.7916666666666666,0.1940047603431116,Low,"(0.152, 0.229]",Low,Low Risk
458,1134,746046.41,120,8.66,9313.87,Home,Mobile App,43,Female,Divorced,0,Bachelors,Self-Employed,Finance,18,Freelance,1171823.21,95789.9,81,733,0.21,2,0,0,2,0,0.097,0.637,0.149,0,0,0,0,7727.6875,0.0806724594924987,624510.8296991327,0.0,0.6638012235139762,High,"(0.013999999999999999, 0.152]",High,Low Risk
459,173203,197852.68,60,7.0,3917.72,Personal,Branch,39,Female,Divorced,1,PhD,Unemployed,Unemployed,0,No Income,307397.03,25989.45,51,754,0.61,2,0,0,0,0,0.151,0.644,0.181,0,0,0,0,6276.158695652173,0.24147941631069,133061.93918092625,0.9166666666666666,0.25063404376608817,Low,"(0.152, 0.229]",Low,Low Risk
460,154813,477404.54,48,7.6,11565.41,Home,Agent,44,Female,Married,1,High School,Employed,Healthcare,22,Salary,504080.22,41572.64,100,746,0.52,0,0,0,0,0,0.278,0.947,0.304,0,0,0,0,1553.157857142857,0.0373591982117239,274961.2489913379,0.0,0.6728171458345042,Medium,"(0.229, 0.35]",High,Low Risk
461,59729,611132.91,60,7.12,12135.79,Car,Online,18,Female,Single,0,Masters,Employed,Finance,0,Salary,1496900.88,127129.03,71,792,0.27,0,0,0,1,0,0.095,0.408,0.125,0,0,0,0,42317.752,0.3328698341375362,582231.5526836293,0.7083333333333334,0.19452244741948166,High,"(0.013999999999999999, 0.152]",Low,Low Risk
462,49859,289524.91,360,9.74,2485.34,Home,Mobile App,51,Female,Married,1,High School,Self-Employed,Healthcare,13,Freelance,667797.79,53954.93,89,693,0.17,2,0,0,1,0,0.046,0.434,0.092,0,0,0,0,2586.4357142857143,0.0479360788385208,347274.70963078545,0.0,0.6377069084738759,Low,"(0.013999999999999999, 0.152]",Medium,Low Risk
463,22173,328976.35,72,5.38,5356.32,Education,Mobile App,39,Female,Married,0,Bachelors,Employed,Construction,7,Salary,788033.68,64874.78,79,804,0.22,1,0,0,0,0,0.083,0.417,0.094,0,0,0,0,24891.73842105263,0.3836830697226704,321141.99404087005,0.75,0.2792618162245176,Medium,"(0.013999999999999999, 0.152]",Medium,Low Risk
464,92019,162287.92,60,11.11,3537.44,Home,Mobile App,48,Male,Married,1,Bachelors,Employed,IT,5,Salary,319727.4,26502.54,64,633,0.45,3,0,0,4,0,0.133,0.508,0.458,0,0,0,1,896.37,0.0338207650751559,177148.9075528186,0.0,0.6868480110895243,Low,"(0.35, 2.5]",High,Low Risk
465,129093,667379.42,84,7.4,10203.54,Education,Branch,52,Male,Married,3,Bachelors,Self-Employed,Construction,30,Business,2027364.6,167821.46,100,817,0.03,4,1,0,1,58,0.061,0.329,0.074,1,0,0,0,46830.65272727273,0.2790487800457265,876459.1245414538,0.6666666666666666,0.324733805990458,High,"(0.013999999999999999, 0.152]",Medium,Low Risk
466,54437,216121.96,72,8.05,3794.6,Personal,Agent,65,Female,Married,2,Bachelors,Unemployed,Unemployed,0,No Income,184179.62,14974.21,48,761,0.12,4,0,0,2,0,0.253,1.173,0.527,0,1,1,1,609.7427272727273,0.0407168064603252,103385.18057895298,0.0,0.7354123132611317,Low,"(0.35, 2.5]",High,Low Risk
467,94541,604827.34,72,11.3,11605.48,Medical,Mobile App,23,Male,Married,1,High School,Employed,Manufacturing,1,Salary,591664.53,47000.57,50,601,0.34,2,0,1,2,0,0.247,1.022,0.349,0,0,1,0,11148.942857142858,0.2372036265414721,271387.7943762329,0.75,0.41727972085490755,High,"(0.229, 0.35]",Medium,Low Risk
468,72245,2120720.2,36,8.92,67359.4,Car,Mobile App,53,Female,Divorced,1,Bachelors,Employed,IT,30,Salary,1352697.34,113890.92,100,716,0.65,1,0,0,2,0,0.591,1.568,0.659,1,0,1,1,6661.6975,0.0584913969314065,779196.8000576413,0.0,0.7267071541336705,Very High,"(0.35, 2.5]",High,High Exposure
469,13319,980430.45,84,15.19,19023.79,Business,Mobile App,36,Female,Married,1,Masters,Employed,Services,6,Salary,746524.82,59753.91,79,530,0.24,5,1,1,3,71,0.318,1.313,0.431,1,0,1,1,16242.4265,0.2718174372616409,303770.7105067163,0.75,0.27910551850452553,Very High,"(0.35, 2.5]",Medium,Credit Risk
470,24453,731926.55,72,12.92,14661.88,Car,Online,47,Female,Single,2,Bachelors,Employed,Education,13,Salary,1257578.78,102157.64,82,591,0.21,4,2,1,1,30,0.144,0.582,0.174,1,0,0,1,4019.965,0.0393502204023076,705527.4091216935,0.0,0.735582529806884,High,"(0.152, 0.229]",High,Low Risk
471,108846,123376.41,24,7.87,5572.67,Car,Online,36,Female,Married,0,Bachelors,Unemployed,Unemployed,0,No Income,169181.45,14006.35,42,781,0.07,2,0,0,2,0,0.398,0.729,0.687,1,1,0,1,726.0666666666666,0.0518346915488416,94020.70395608524,0.0,0.6974710181231926,Low,"(0.35, 2.5]",High,Low Risk
472,155617,2070596.23,36,7.57,64475.01,Personal,Branch,46,Male,Widowed,0,High School,Self-Employed,Construction,25,Business,1812326.6,153150.58,100,745,0.56,3,0,0,2,0,0.421,1.143,0.475,0,0,1,0,40387.37,0.2637084775749621,789776.8294601404,0.875,0.27133072605501035,Very High,"(0.35, 2.5]",Medium,Low Risk
473,155565,900541.81,120,10.5,12151.46,Business,Mobile App,28,Male,Single,1,Bachelors,Employed,Services,2,Salary,817915.67,68388.7,67,612,0.32,1,0,1,2,0,0.178,1.101,0.252,0,0,1,0,25797.86681818182,0.3772185989729714,319007.52834221075,0.7083333333333334,0.22390105009488942,Very High,"(0.229, 0.35]",Low,Low Risk
474,67423,97496.99,48,10.39,2491.08,Business,Branch,37,Female,Married,1,Bachelors,Employed,IT,14,Salary,499399.31,42229.36,92,622,0.21,2,0,2,2,0,0.059,0.195,0.164,0,0,0,1,1515.0525,0.0358759077592518,295888.34994830005,0.0,0.7560612058041027,Low,"(0.152, 0.229]",High,Behavioral Risk
475,141363,95353.92,240,6.9,733.57,Car,Branch,32,Female,Single,0,Masters,Unemployed,Unemployed,0,No Income,166699.06,13796.52,54,788,0.59,3,0,0,4,0,0.053,0.572,0.663,1,1,0,1,3813.392380952381,0.2763824499585709,68453.94969409354,0.7916666666666666,0.24713298991659974,Low,"(0.35, 2.5]",Low,Low Risk
476,88345,1450283.17,48,12.85,38799.58,Personal,Branch,36,Female,Single,0,High School,Self-Employed,Services,3,Business,1274998.37,103745.19,61,542,0.24,0,0,3,1,0,0.374,1.137,0.405,1,0,1,1,42545.80105263159,0.4100950700226349,479003.6648601541,0.7916666666666666,0.20799442984640504,Very High,"(0.35, 2.5]",Low,Credit Risk
477,48557,152963.61,60,10.26,3269.63,Home,Branch,40,Female,Divorced,0,Bachelors,Unemployed,Unemployed,0,No Income,225828.7,18167.28,41,683,0.39,2,0,0,1,0,0.18,0.677,0.31,0,1,0,0,769.9581818181819,0.042379255593715,125415.34126478405,0.0,0.7356728943438168,Low,"(0.229, 0.35]",High,Low Risk
478,85540,691783.71,36,7.45,21502.89,Business,Mobile App,35,Male,Single,1,Masters,Employed,Healthcare,12,Salary,1121930.82,94730.62,96,782,0.26,0,0,0,3,0,0.227,0.617,0.303,0,0,0,0,25049.52909090909,0.2644262717233073,509948.9204412014,0.875,0.31969538670772313,High,"(0.229, 0.35]",Medium,Low Risk
479,103859,532862.01,48,11.46,13891.44,Personal,Online,34,Male,Married,2,High School,Employed,Finance,3,Salary,718781.51,58772.84,70,633,0.53,4,1,0,1,63,0.236,0.741,0.297,1,0,0,0,23380.476363636364,0.3978041312875994,263224.2968557968,0.875,0.1611692058043398,High,"(0.229, 0.35]",Low,Low Risk
480,105402,579404.41,48,6.69,13791.38,Car,Mobile App,50,Female,Married,1,Bachelors,Self-Employed,Services,23,Business,968599.53,77546.45,100,768,0.25,1,0,0,2,0,0.178,0.598,0.242,0,0,0,0,4450.110769230769,0.0573856492925398,526556.3002719121,0.0,0.7154731015137901,High,"(0.229, 0.35]",High,Low Risk
481,2703,833161.52,72,8.55,14832.78,Personal,Mobile App,62,Female,Single,1,Masters,Employed,Finance,38,Salary,1383227.54,113991.29,100,738,0.09,1,0,0,0,0,0.13,0.602,0.135,0,0,0,0,43697.08095238096,0.3833336531126882,532117.1698953281,0.8333333333333334,0.20490474562165245,High,"(0.013999999999999999, 0.152]",Low,Low Risk
482,29410,172979.9,36,12.48,5785.15,Personal,Online,21,Female,Married,0,PhD,Unemployed,Unemployed,0,No Income,286238.5,23775.32,57,636,0.71,2,0,0,1,0,0.243,0.604,0.363,0,1,0,0,906.50875,0.0381265372437786,155937.33692291082,0.0,0.661232622114284,Low,"(0.35, 2.5]",High,Low Risk
483,16588,1355867.77,240,12.38,15290.01,Personal,Online,20,Male,Single,0,Bachelors,Employed,Manufacturing,0,Salary,2012559.38,170769.02,58,612,0.45,2,1,1,2,76,0.09,0.674,0.135,1,0,0,0,51278.95478260871,0.3002807798617621,843922.2031808085,0.9166666666666666,0.22780153242515055,Very High,"(0.013999999999999999, 0.152]",Low,Low Risk
484,4741,2548592.27,48,6.93,60946.48,Education,Branch,44,Female,Single,1,Bachelors,Self-Employed,Manufacturing,7,Freelance,1682042.27,135629.79,76,732,0.3,2,0,0,0,0,0.449,1.515,0.464,0,0,1,0,46333.91789473684,0.3416179902420154,715335.2846736957,0.625,0.3588084599508692,Very High,"(0.35, 2.5]",Medium,High Exposure
485,35518,276613.73,360,13.4,3146.62,Business,Branch,29,Female,Single,0,Masters,Employed,Services,8,Salary,1027789.24,85198.54,66,550,0.62,4,1,0,1,44,0.037,0.269,0.091,1,0,0,0,23756.32476190476,0.2788316082681287,454639.02988825325,0.8333333333333334,0.3204825452141801,Low,"(0.013999999999999999, 0.152]",Medium,Credit Risk
486,164801,551093.8,240,8.84,4901.77,Home,Mobile App,34,Male,Single,0,Bachelors,Self-Employed,Retail,10,Business,527311.8,42272.17,64,698,0.11,2,0,0,1,0,0.116,1.045,0.169,0,0,1,0,2096.314545454545,0.049589717200166,299859.8414200815,0.0,0.7780605712582265,High,"(0.152, 0.229]",High,Behavioral Risk
487,170109,1186530.22,48,7.35,28606.01,Car,Online,44,Male,Single,0,Masters,Self-Employed,Manufacturing,20,Freelance,2423383.52,192937.33,100,749,0.21,1,0,0,1,0,0.148,0.49,0.169,0,0,0,0,56322.49363636363,0.2919196700643342,997624.6467781768,0.75,0.302785946014616,Very High,"(0.152, 0.229]",Medium,Low Risk
488,170937,883975.19,24,5.11,38824.78,Personal,Online,44,Female,Married,1,Bachelors,Self-Employed,Retail,5,Freelance,1671968.84,137982.07,54,810,0.32,1,0,0,1,0,0.281,0.529,0.312,0,0,0,0,50835.16,0.3684159223301815,662074.0503482942,0.7083333333333334,0.2501165399315313,High,"(0.229, 0.35]",Low,Low Risk
489,15008,723148.44,60,11.91,16053.17,Business,Branch,32,Female,Divorced,0,High School,Employed,Healthcare,4,Salary,1204583.06,97728.32,70,614,0.37,0,0,0,3,0,0.164,0.6,0.244,0,0,0,1,5453.378571428571,0.0558008443262326,671752.7454910766,0.0,0.7328464986707638,High,"(0.229, 0.35]",High,Low Risk
490,156112,725845.72,48,7.59,17580.65,Home,Online,22,Male,Single,0,Bachelors,Employed,Manufacturing,1,Salary,1091272.16,86876.2,68,728,0.61,1,0,0,2,0,0.202,0.665,0.279,0,0,0,0,3794.8,0.0436800449369915,590962.2913100085,0.0,0.714558947358641,High,"(0.229, 0.35]",High,Low Risk
491,34298,327367.6,24,16.79,16152.78,Car,Online,27,Male,Single,1,Bachelors,Employed,Finance,6,Salary,649960.04,52615.68,83,505,0.44,3,3,1,1,123,0.307,0.504,0.367,1,0,0,1,2356.558125,0.0447872827590034,375790.4274408222,0.0,0.7871944110188949,Medium,"(0.35, 2.5]",High,Behavioral Risk
492,161371,564796.82,360,10.15,5019.21,Business,Online,31,Male,Single,0,Bachelors,Employed,Healthcare,6,Salary,600457.35,48735.96,88,657,0.16,1,0,0,1,0,0.103,0.941,0.152,0,0,0,0,21454.918095238096,0.4402186368464117,198354.8712014454,0.8333333333333334,0.09207679882299463,High,"(0.013999999999999999, 0.152]",Low,Low Risk
493,168213,675632.22,60,5.87,13021.06,Medical,Mobile App,19,Male,Single,0,Bachelors,Employed,Retail,0,Salary,762236.95,62176.22,58,835,0.33,3,0,0,3,0,0.209,0.886,0.322,0,0,0,0,24481.341304347825,0.3937348968697511,269698.705515347,0.7916666666666666,0.14429702970248898,High,"(0.229, 0.35]",Low,Low Risk
494,155483,1110908.76,60,8.86,22985.23,Home,Agent,35,Female,Married,1,High School,Employed,Finance,4,Salary,1479374.45,118438.79,81,679,0.37,2,0,0,1,0,0.194,0.751,0.229,0,0,0,0,40780.685000000005,0.3443157489556508,569461.9075761706,0.75,0.23894716309901917,Very High,"(0.152, 0.229]",Low,Low Risk
495,93715,336554.26,360,10.64,3113.88,Personal,Mobile App,37,Male,Married,2,Bachelors,Employed,Education,3,Salary,740909.59,59703.57,72,657,0.51,3,0,0,1,0,0.052,0.454,0.111,0,0,0,0,2013.0522222222223,0.033716886701005,417940.510790024,0.0,0.7541490172849478,Medium,"(0.013999999999999999, 0.152]",High,Behavioral Risk
496,42729,474294.52,240,14.41,6039.71,Education,Branch,19,Male,Single,0,High School,Employed,Education,0,Salary,567578.34,46356.09,53,553,0.39,4,1,1,0,85,0.13,0.836,0.15,1,0,0,0,14392.683636363636,0.3104742691218028,225914.32999935932,0.875,0.22291477200254758,Medium,"(0.013999999999999999, 0.152]",Low,Credit Risk
497,2557,880010.29,60,6.75,17321.65,Car,Mobile App,18,Male,Single,0,Bachelors,Employed,Construction,0,Salary,1098734.37,91470.54,62,801,0.31,3,0,0,0,0,0.189,0.801,0.205,0,0,0,0,33574.066190476195,0.3670438498190387,448362.30727727344,0.8333333333333334,0.25049684629469965,High,"(0.152, 0.229]",Low,Low Risk
498,40628,250834.99,360,7.97,1835.3,Business,Mobile App,40,Male,Divorced,1,Bachelors,Employed,Services,3,Salary,391959.08,33091.65,80,752,0.2,1,0,0,0,0,0.055,0.64,0.065,0,0,0,0,9861.517142857145,0.2979972030906301,166146.62891737398,0.8333333333333334,0.25819175197609096,Low,"(0.013999999999999999, 0.152]",Medium,Low Risk
499,149578,673834.58,48,6.8,16073.36,Education,Mobile App,32,Male,Divorced,0,Bachelors,Self-Employed,Construction,6,Freelance,495743.27,41463.48,68,774,0.25,2,0,0,2,0,0.388,1.359,0.497,0,0,1,1,2260.5257142857145,0.0545171605742002,285185.9936583669,0.0,0.7334199575178814,High,"(0.35, 2.5]",High,High Exposure
500,3433,777528.5,24,8.39,35303.97,Personal,Mobile App,44,Female,Married,0,High School,Self-Employed,Education,23,Business,771885.91,63902.0,100,710,0.43,0,0,1,0,0,0.552,1.007,0.574,0,0,1,0,18361.944545454546,0.2873408845508747,332405.9942314693,0.875,0.2869301933032032,High,"(0.35, 2.5]",Medium,Low Risk
501,78017,1313656.22,36,13.04,44287.58,Car,Agent,34,Male,Single,0,Masters,Self-Employed,Education,11,Freelance,2779375.6,221108.35,70,583,0.53,3,2,0,1,114,0.2,0.473,0.236,1,0,0,1,81208.7180952381,0.367278534784884,1054571.845841086,0.75,0.23660156895909407,Very High,"(0.229, 0.35]",Low,Low Risk
502,12560,1586129.7,240,9.56,14847.01,Personal,Agent,20,Female,Single,0,High School,Employed,Manufacturing,0,Salary,1184622.06,99567.5,60,686,0.28,2,0,0,0,0,0.149,1.339,0.163,0,0,1,0,4248.645454545454,0.0426705780899125,703329.4139655705,0.0,0.7699871368318232,Very High,"(0.152, 0.229]",High,Behavioral Risk
503,111719,923044.9,84,9.79,15223.67,Car,Online,45,Male,Single,0,High School,Self-Employed,Healthcare,7,Freelance,917759.43,75058.66,71,651,0.29,0,0,0,0,0,0.203,1.006,0.217,0,0,1,0,25128.94818181818,0.3347863310574306,364752.701846812,0.7916666666666666,0.24037528186033286,Very High,"(0.152, 0.229]",Low,Low Risk
504,108069,326606.82,24,16.56,16079.21,Education,Online,43,Male,Married,1,Bachelors,Employed,Manufacturing,19,Salary,960783.14,79465.31,100,463,0.7,5,2,2,0,148,0.202,0.34,0.237,1,0,0,0,29420.23478260869,0.370222736938568,368557.70614247577,0.875,0.18804679167149616,Medium,"(0.229, 0.35]",Low,Credit Risk
505,9332,863645.17,240,16.2,12145.29,Car,Branch,34,Female,Married,0,High School,Employed,Finance,4,Salary,1992939.56,162973.77,75,512,0.47,4,2,1,0,126,0.075,0.433,0.098,1,0,0,1,9194.674444444445,0.0564177783128299,1045297.930502397,0.0,0.6351037864006378,High,"(0.013999999999999999, 0.152]",Medium,Credit Risk
506,64505,268177.49,60,17.05,6672.11,Car,Mobile App,19,Female,Single,0,Bachelors,Employed,Retail,0,Salary,1457494.04,118209.93,55,494,0.41,4,3,0,1,75,0.056,0.184,0.094,1,0,0,1,43748.316666666666,0.3700869003117281,560852.8570057091,0.75,0.23200638399513324,Low,"(0.013999999999999999, 0.152]",Low,Credit Risk
507,109555,2783739.1,72,15.02,58892.44,Education,Branch,46,Female,Single,2,Masters,Employed,Services,11,Salary,2251386.35,181242.79,97,566,0.32,2,2,0,1,30,0.325,1.236,0.352,1,0,1,1,8727.027,0.0481507642275633,1323143.4060573913,0.0,0.8217658464778231,Very High,"(0.35, 2.5]",High,Behavioral Risk
508,20879,393315.35,84,6.6,5859.57,Medical,Online,19,Male,Single,0,High School,Employed,Finance,0,Salary,734192.42,58342.68,62,763,0.51,2,0,0,1,0,0.1,0.536,0.16,0,0,0,0,2248.1877777777777,0.0385335271580019,405116.0981028793,0.0,0.7433426303134864,Medium,"(0.152, 0.229]",High,Low Risk
509,61154,3454616.76,48,8.7,85477.02,Personal,Mobile App,49,Male,Single,0,Bachelors,Self-Employed,Education,17,Business,4306787.84,350000.0,85,693,0.55,3,0,0,1,0,0.244,0.802,0.277,0,0,0,0,106657.849,0.3047358407547407,1711483.0291500215,0.75,0.2462752850794358,Very High,"(0.229, 0.35]",Low,Low Risk
510,135083,312455.33,48,5.96,7332.29,Home,Online,34,Male,Married,3,Bachelors,Employed,Services,3,Salary,764127.97,61518.08,66,812,0.37,1,0,0,1,0,0.119,0.409,0.17,0,0,0,0,16747.560952380954,0.272233605450227,303050.12402152386,0.8333333333333334,0.2314774403368919,Medium,"(0.152, 0.229]",Low,Low Risk
511,131426,382367.82,48,12.58,10178.44,Education,Agent,37,Male,Widowed,0,Bachelors,Employed,Construction,9,Salary,366235.95,29681.6,75,574,0.57,1,0,2,4,0,0.343,1.044,0.641,1,0,1,1,1517.57,0.051126585945975,194389.2004733232,0.0,0.6625131412291189,Medium,"(0.35, 2.5]",High,Credit Risk
512,156726,329343.82,24,7.78,14862.31,Home,Branch,40,Male,Single,0,Bachelors,Employed,Finance,10,Salary,1265652.04,103294.36,75,738,0.3,4,0,0,3,0,0.144,0.26,0.217,0,0,0,1,4317.76125,0.0418001471702117,729790.811211972,0.0,0.7700444587002849,Medium,"(0.152, 0.229]",High,Behavioral Risk
513,70390,1422315.66,36,6.37,43508.45,Home,Mobile App,23,Female,Married,2,Bachelors,Employed,Retail,0,Salary,942976.76,77436.66,59,762,0.34,1,0,1,0,0,0.562,1.508,0.579,0,0,1,0,26352.12833333333,0.3403011962568772,356693.83499178494,0.9583333333333334,0.1594528300529276,Very High,"(0.35, 2.5]",Low,High Exposure
514,49123,92241.64,72,9.49,1685.23,Personal,Online,35,Female,Married,0,High School,Unemployed,Unemployed,0,No Income,132294.95,10823.39,39,704,0.32,0,0,0,0,0,0.156,0.697,0.172,0,1,0,0,4513.308,0.4169572604091316,51196.05461928631,0.8333333333333334,0.22663218106366279,Low,"(0.152, 0.229]",Low,Low Risk
515,142287,1565435.42,24,8.72,71315.57,Personal,Agent,18,Female,Single,0,Bachelors,Self-Employed,Services,0,Freelance,1280370.98,103116.38,57,703,0.18,0,0,0,1,0,0.692,1.223,0.72,1,0,1,1,30854.06111111111,0.2992130047438279,550497.5132656024,0.6666666666666666,0.354591367470395,Very High,"(0.35, 2.5]",Medium,Financial Stress
516,156362,377151.19,240,9.32,3471.33,Car,Online,45,Female,Married,0,Bachelors,Employed,Retail,8,Salary,735820.94,62549.71,69,728,0.41,2,0,0,1,0,0.055,0.513,0.108,0,0,0,0,2775.940769230769,0.0443790449258013,413329.4232567951,0.0,0.6733488527834363,Medium,"(0.013999999999999999, 0.152]",High,Low Risk
517,88012,496887.09,12,8.73,43391.32,Home,Mobile App,36,Male,Married,4,High School,Employed,Manufacturing,1,Salary,697345.74,56990.75,64,704,0.27,1,0,0,3,0,0.761,0.713,0.88,1,0,0,1,17109.70619047619,0.3002137360315517,283054.469334368,0.875,0.24014725142506108,Medium,"(0.35, 2.5]",Low,Financial Stress
518,72432,540341.17,48,9.47,13567.33,Home,Agent,32,Female,Single,1,Bachelors,Employed,Construction,5,Salary,1123694.99,93281.95,70,629,0.2,1,0,0,2,0,0.145,0.481,0.198,0,0,0,0,5957.265555555556,0.0638623194866324,627014.4082727012,0.0,0.702546069294509,High,"(0.152, 0.229]",High,Low Risk
519,97316,2577647.85,24,11.0,120138.59,Home,Agent,30,Female,Single,0,Masters,Employed,Healthcare,4,Salary,2175347.43,175250.96,82,635,0.46,0,0,0,3,0,0.686,1.185,0.743,1,0,1,1,74306.22952380952,0.4239965677063442,739987.1223277814,0.7916666666666666,0.12750659885704818,Very High,"(0.35, 2.5]",Low,Financial Stress
520,100796,836778.44,60,5.96,16161.71,Personal,Mobile App,26,Female,Married,0,Bachelors,Employed,Healthcare,5,Salary,841020.39,67599.46,81,833,0.44,1,0,0,2,0,0.239,0.995,0.32,0,0,0,0,24305.391052631578,0.3595447583142419,314937.53309014416,0.625,0.23235725010694389,High,"(0.229, 0.35]",Low,Low Risk
521,145230,307911.47,240,8.64,2699.47,Home,Branch,19,Male,Single,0,Bachelors,Employed,IT,0,Salary,434033.77,35855.09,60,694,0.28,2,0,0,1,0,0.075,0.709,0.145,0,0,0,0,10874.725909090908,0.3032881139324145,187137.9862851478,0.9166666666666666,0.2876151840233258,Medium,"(0.013999999999999999, 0.152]",Medium,Low Risk
522,46884,729212.3,36,9.84,23474.89,Medical,Online,34,Female,Married,1,Bachelors,Self-Employed,Services,12,Business,2129368.25,175619.22,75,611,0.51,4,0,1,1,0,0.134,0.342,0.171,0,0,0,0,70233.32523809525,0.3999159392813381,791362.0013317728,0.7083333333333334,0.19595822665996934,High,"(0.152, 0.229]",Low,Low Risk
523,159582,1406875.29,120,8.47,17420.68,Personal,Online,47,Male,Single,1,Masters,Self-Employed,Retail,5,Freelance,939924.92,79741.84,56,711,0.24,1,0,0,3,0,0.218,1.497,0.306,0,0,1,1,23873.38,0.2993796057426598,441618.6688178384,0.75,0.38291675988480994,Very High,"(0.229, 0.35]",Medium,High Exposure
524,154340,806504.05,60,16.93,20013.36,Home,Mobile App,45,Female,Married,1,Bachelors,Employed,Retail,5,Salary,871100.22,71915.74,69,540,0.63,4,4,0,1,332,0.278,0.926,0.338,1,0,0,1,3390.282857142857,0.0471417761308821,466992.5812598427,0.0,0.6496953916826126,High,"(0.229, 0.35]",Medium,Credit Risk
525,114722,155192.13,120,5.47,1681.94,Home,Online,38,Female,Married,1,High School,Self-Employed,Services,2,Freelance,369301.82,31399.65,53,823,0.15,0,0,0,1,0,0.054,0.42,0.125,0,0,0,0,1704.2040000000002,0.0542728892554772,197263.14557708864,0.0,0.6065047183679458,Low,"(0.013999999999999999, 0.152]",Medium,Low Risk
526,121456,642425.75,24,11.69,30148.29,Education,Agent,31,Male,Single,1,Bachelors,Self-Employed,Education,9,Business,1068447.59,90315.22,67,608,0.47,1,0,0,2,0,0.334,0.601,0.402,0,0,0,1,29219.53285714286,0.3235247539937218,458317.3042698819,0.75,0.2903964883539014,High,"(0.35, 2.5]",Medium,Low Risk
527,89934,1282767.98,12,13.65,114964.9,Home,Mobile App,38,Male,Married,0,Masters,Self-Employed,Retail,2,Freelance,2147168.4,179434.01,57,562,0.28,2,1,1,3,28,0.641,0.597,0.688,1,0,0,1,9600.70153846154,0.0535051745947546,1192816.2146386462,0.0,0.6841376830979842,Very High,"(0.35, 2.5]",High,Credit Risk
528,31412,648622.18,36,7.2,20086.94,Car,Branch,18,Female,Single,0,High School,Employed,Healthcare,0,Salary,1538672.74,122650.19,76,740,0.56,1,0,0,1,0,0.164,0.422,0.208,0,0,0,0,34799.08304347826,0.2837239740069237,636894.6184803316,0.8333333333333334,0.29118834996901505,High,"(0.152, 0.229]",Medium,Low Risk
529,70944,836443.26,36,5.79,25366.71,Business,Branch,35,Male,Single,0,Bachelors,Employed,Retail,12,Salary,1213847.43,98369.12,91,796,0.41,2,0,0,4,0,0.258,0.689,0.36,0,0,0,1,39974.79142857143,0.4063712784793942,414586.32525279664,0.7083333333333334,0.13552472653481645,High,"(0.35, 2.5]",Low,Low Risk
530,106725,299706.24,240,10.98,3089.45,Education,Agent,42,Female,Widowed,0,High School,Unemployed,Unemployed,0,No Income,176451.7,14629.37,64,642,0.19,2,0,1,1,0,0.211,1.699,0.357,0,1,1,0,4727.364500000001,0.3231199552711244,73017.87002565528,0.7916666666666666,0.26536219406444084,Medium,"(0.35, 2.5]",Medium,High Exposure
531,56325,2255737.79,120,10.24,30110.34,Medical,Branch,32,Male,Married,1,High School,Self-Employed,Construction,2,Business,1661563.8,138275.38,54,646,0.29,4,0,1,0,0,0.218,1.358,0.232,0,0,1,0,35818.744782608694,0.2590373336545887,737236.3211913455,0.875,0.30735655329855954,Very High,"(0.229, 0.35]",Medium,High Exposure
532,117525,295087.32,120,14.26,4627.96,Business,Online,41,Female,Married,1,High School,Unemployed,Unemployed,0,No Income,184643.63,15200.31,29,600,0.35,2,1,1,2,47,0.304,1.598,0.585,1,1,1,0,6598.725789473684,0.4340892850335717,67096.65950914107,0.7916666666666666,0.17085532438843365,Medium,"(0.35, 2.5]",Low,High Exposure
533,29725,657457.49,360,16.01,8846.51,Car,Online,33,Female,Divorced,0,Bachelors,Employed,Retail,3,Salary,839586.52,69934.44,62,513,0.37,2,2,0,1,160,0.126,0.783,0.174,1,0,0,1,23693.63208333333,0.3387929222055846,321967.27306993183,0.8333333333333334,0.1798450738014573,High,"(0.152, 0.229]",Low,Credit Risk
534,74079,348374.66,36,6.49,10675.75,Home,Mobile App,37,Female,Married,1,High School,Employed,Construction,16,Salary,826541.69,66540.76,100,786,0.55,2,0,0,1,0,0.16,0.421,0.218,0,0,0,0,2844.257692307692,0.0427439504501788,448876.164150768,0.0,0.7022903871334935,Medium,"(0.152, 0.229]",High,Low Risk
535,156926,648803.59,24,7.83,29293.35,Car,Mobile App,33,Female,Single,0,Bachelors,Employed,Retail,3,Salary,926318.95,76121.66,59,759,0.26,0,0,0,4,0,0.385,0.7,0.503,0,0,0,1,3441.4555555555557,0.045209344439035,508164.87769533176,0.0,0.6879767618757269,High,"(0.35, 2.5]",High,Low Risk
536,162112,393512.2,36,5.81,11937.56,Car,Online,49,Male,Divorced,0,Masters,Self-Employed,Finance,7,Business,931720.11,77216.56,63,783,0.14,1,0,0,1,0,0.155,0.422,0.187,0,0,0,0,23794.323333333334,0.3081465321273209,395449.2934001468,0.7083333333333334,0.30349911002770125,Medium,"(0.152, 0.229]",Medium,Low Risk
537,74571,1041491.52,24,9.18,47666.33,Car,Online,57,Female,Single,0,Masters,Employed,Finance,21,Salary,2410921.03,204199.97,100,688,0.27,4,0,0,3,0,0.233,0.432,0.276,0,0,0,0,79731.887,0.390457924857066,997288.4729259394,0.7083333333333334,0.27398387914013783,Very High,"(0.229, 0.35]",Medium,Low Risk
538,83293,815920.03,36,7.55,25398.93,Business,Mobile App,42,Male,Single,0,Bachelors,Employed,Construction,15,Salary,854889.65,67913.05,88,793,0.37,2,1,0,1,69,0.374,0.954,0.422,1,0,0,1,2975.8525000000004,0.0438179213285027,466125.82837732666,0.0,0.7276255345915095,High,"(0.35, 2.5]",High,Low Risk
539,57584,258970.96,60,8.97,5372.04,Personal,Mobile App,22,Male,Married,1,Masters,Self-Employed,Construction,1,Business,655472.6,52936.91,74,693,0.17,1,0,0,0,0,0.101,0.395,0.11,0,0,0,0,2612.417,0.0493486992591887,350126.33448246325,0.0,0.6758956322766831,Low,"(0.013999999999999999, 0.152]",High,Low Risk
540,123668,1809638.59,48,7.92,44110.64,Personal,Online,40,Male,Married,3,Masters,Employed,Manufacturing,5,Salary,4033943.35,339982.39,73,787,0.46,3,1,0,0,81,0.13,0.449,0.153,1,0,0,0,16291.876153846157,0.0479196238199935,2378278.1080445326,0.0,0.7567422631818896,Very High,"(0.152, 0.229]",High,Behavioral Risk
541,4406,587272.44,72,6.33,9824.54,Medical,Online,48,Male,Single,0,High School,Employed,IT,2,Salary,2187214.44,176938.77,62,758,0.52,3,0,0,1,0,0.056,0.269,0.093,0,0,0,0,42304.7452173913,0.2390912185394572,930665.1200360148,0.875,0.28696377789847966,High,"(0.013999999999999999, 0.152]",Medium,Low Risk
542,135422,854871.21,360,6.95,5658.8,Education,Online,18,Female,Single,0,High School,Self-Employed,Manufacturing,0,Business,1359841.1,112781.32,44,788,0.15,1,0,0,1,0,0.05,0.629,0.075,0,0,0,0,6546.15,0.0580423420975911,731490.0096231975,0.0,0.6508497031688844,High,"(0.013999999999999999, 0.152]",Medium,Low Risk
543,9962,992066.28,48,6.66,23600.08,Personal,Online,28,Male,Married,1,Masters,Employed,Healthcare,6,Salary,1091660.15,87537.27,75,757,0.42,3,0,0,1,0,0.27,0.909,0.313,0,0,0,0,38972.29315789474,0.4452029170543893,384883.377410648,0.6666666666666666,0.1913422732443232,Very High,"(0.229, 0.35]",Low,Low Risk
544,67825,1206882.48,60,10.18,25749.71,Personal,Online,31,Male,Single,0,Bachelors,Employed,Education,4,Salary,1030939.82,85591.33,75,606,0.34,1,0,0,1,0,0.301,1.171,0.341,0,0,1,0,3179.7525,0.0371499700966196,572988.1603438568,0.0,0.689916622438201,Very High,"(0.229, 0.35]",High,Low Risk
545,153432,70171.66,120,6.53,797.86,Personal,Mobile App,19,Male,Single,0,Bachelors,Unemployed,Unemployed,0,No Income,148633.14,12357.12,43,835,0.14,6,0,0,0,0,0.065,0.472,0.072,0,1,0,0,3775.775909090909,0.3055299599850875,62032.247062453134,0.7083333333333334,0.2811777415856373,Low,"(0.013999999999999999, 0.152]",Medium,Low Risk
546,13208,1218776.58,24,8.47,55383.59,Home,Branch,38,Male,Married,1,Bachelors,Self-Employed,IT,16,Business,2170838.4,174536.01,76,698,0.39,0,0,0,1,0,0.317,0.561,0.348,0,0,0,0,50455.71136363636,0.2890831655912769,887969.904291286,0.7916666666666666,0.27726318539372696,Very High,"(0.229, 0.35]",Medium,Low Risk
547,52462,515735.19,240,7.75,4233.92,Home,Agent,56,Male,Widowed,0,High School,Employed,Finance,3,Salary,950005.34,78780.83,71,735,0.66,2,0,0,1,0,0.054,0.543,0.112,0,0,0,0,25652.170476190477,0.3256102387592478,383556.5227168125,0.8333333333333334,0.2328673731773169,Medium,"(0.013999999999999999, 0.152]",Low,Low Risk
548,15180,378398.07,24,9.27,17333.93,Business,Online,53,Male,Married,0,Bachelors,Employed,Retail,24,Salary,945442.4,77309.81,100,678,0.44,1,0,0,0,0,0.224,0.4,0.246,0,0,0,0,3171.9890909090905,0.0410290500242992,558613.6515536448,0.0,0.8040186913192763,Medium,"(0.229, 0.35]",High,Behavioral Risk
549,11708,1431432.62,60,8.41,29305.98,Home,Mobile App,45,Female,Single,2,High School,Employed,Finance,24,Salary,1800767.78,150761.47,100,705,0.2,3,0,0,0,0,0.194,0.795,0.204,0,0,0,0,55752.46434782608,0.3698033359882342,690349.425248733,0.8333333333333334,0.1825042620886048,Very High,"(0.152, 0.229]",Low,Low Risk
550,81762,1748157.11,240,7.92,14535.37,Business,Online,55,Female,Single,0,Bachelors,Self-Employed,Education,34,Business,1420701.37,118190.22,100,757,0.06,1,0,0,3,0,0.123,1.23,0.177,0,0,1,0,53371.79157894737,0.4515715429534221,527895.0290114124,0.7916666666666666,0.18651838685954156,Very High,"(0.152, 0.229]",Low,High Exposure
551,116298,359686.46,24,11.73,16886.37,Business,Online,24,Male,Married,3,Bachelors,Employed,Healthcare,0,Salary,470813.27,39704.38,62,605,0.23,0,0,1,1,0,0.425,0.764,0.487,0,0,0,1,2507.0653846153846,0.0631417048424013,277658.0823714085,0.0,0.7601383007985962,Medium,"(0.35, 2.5]",High,Behavioral Risk
552,77930,238520.08,48,15.36,6681.8,Personal,Online,32,Male,Single,0,PhD,Employed,Education,10,Salary,889412.08,72705.55,83,565,0.59,4,3,0,3,255,0.092,0.268,0.204,1,0,0,1,27656.43380952381,0.3803843506468648,325674.77649630484,0.7083333333333334,0.1852615266306648,Low,"(0.152, 0.229]",Low,Credit Risk
553,122283,1769598.98,240,12.13,19645.43,Home,Mobile App,20,Male,Single,0,Bachelors,Self-Employed,Services,0,Business,4116178.29,350000.0,59,576,0.25,2,0,1,2,0,0.056,0.43,0.08,1,0,0,0,103492.85181818182,0.2956930175004695,1790413.607296693,0.8333333333333334,0.27779078347326447,Very High,"(0.013999999999999999, 0.152]",Medium,Credit Risk
554,68613,701326.86,36,7.07,21677.39,Home,Mobile App,52,Female,Married,0,Bachelors,Self-Employed,Construction,2,Business,891866.35,71951.72,63,723,0.3,2,0,0,0,0,0.301,0.786,0.316,0,0,0,0,19706.387142857144,0.2738796690779326,353195.910042633,0.7916666666666666,0.23529232607794692,High,"(0.229, 0.35]",Low,Low Risk
555,159537,955498.83,48,13.62,25928.64,Car,Mobile App,30,Female,Single,0,Bachelors,Self-Employed,Services,5,Business,1464471.94,120767.47,64,539,0.25,2,1,0,0,27,0.215,0.652,0.227,1,0,0,0,41218.321363636365,0.3413003523488901,598090.1274340294,0.875,0.24761891483891374,Very High,"(0.152, 0.229]",Low,Credit Risk
556,5312,420331.65,36,7.03,12984.39,Personal,Online,52,Male,Single,0,Masters,Employed,Finance,22,Salary,1142409.21,91189.61,99,787,0.06,0,0,0,4,0,0.142,0.368,0.233,0,0,0,0,38981.38,0.4274714249636009,451393.2973419123,0.7083333333333334,0.29752641634919097,Medium,"(0.229, 0.35]",Medium,Low Risk
557,12977,324221.4,240,7.29,2570.43,Education,Mobile App,47,Male,Single,0,High School,Employed,Healthcare,6,Salary,605585.74,51039.65,77,754,0.38,4,0,0,1,0,0.05,0.535,0.109,0,0,0,0,13882.640952380953,0.2719918526190585,280098.268966846,0.8333333333333334,0.35101343381108413,Medium,"(0.013999999999999999, 0.152]",Medium,Low Risk
558,92246,1847702.31,12,8.09,160805.62,Home,Online,39,Male,Married,0,Bachelors,Self-Employed,IT,15,Business,1927681.6,155503.33,90,699,0.18,0,0,0,1,0,1.034,0.959,1.056,1,0,0,1,34191.80782608695,0.2198768859110672,805034.6615237539,0.8333333333333334,0.27150788801451664,Very High,"(0.35, 2.5]",Medium,Financial Stress
559,93749,626153.33,60,8.7,12906.94,Home,Online,25,Female,Married,1,Bachelors,Employed,Construction,0,Salary,1135922.06,91768.92,70,685,0.29,4,0,0,1,0,0.141,0.551,0.177,0,0,0,0,26607.097916666666,0.2899326698406914,457072.97657203046,0.7916666666666666,0.25470919871678593,High,"(0.152, 0.229]",Low,Low Risk
560,87748,759412.23,60,10.73,16409.39,Car,Online,36,Female,Married,5,High School,Self-Employed,Retail,5,Business,1459903.0,121210.67,61,631,0.65,2,0,1,0,0,0.135,0.52,0.168,0,0,0,0,36442.51409090909,0.3006518604265504,584998.1828252531,0.7916666666666666,0.2245720566389877,High,"(0.152, 0.229]",Low,Low Risk
561,48573,634682.05,120,7.69,7596.88,Business,Agent,45,Female,Married,2,High School,Employed,Retail,12,Salary,709829.12,56766.37,94,720,0.49,0,0,0,0,0,0.134,0.894,0.158,0,0,0,0,1754.633076923077,0.0309091838660673,391768.4096178234,0.0,0.7323824313475353,High,"(0.152, 0.229]",High,Low Risk
562,22370,1095974.29,36,8.11,34399.49,Personal,Mobile App,38,Female,Single,0,PhD,Employed,Education,10,Salary,1482761.96,119855.12,100,731,0.41,1,0,0,0,0,0.287,0.739,0.308,0,0,0,0,7305.108749999999,0.0609489840819142,932281.018473557,0.0,0.9268210788484712,Very High,"(0.229, 0.35]",High,Behavioral Risk
563,163013,1263547.79,84,5.79,18331.67,Business,Agent,30,Female,Married,2,High School,Employed,Education,6,Salary,1379857.48,113983.0,63,803,0.14,2,0,0,3,0,0.161,0.916,0.22,0,0,0,0,43257.96173913044,0.3795090691599737,503364.4530365357,0.875,0.1431852709548316,Very High,"(0.152, 0.229]",Low,Low Risk
564,49751,1088607.78,60,14.71,25732.49,Business,Mobile App,46,Female,Married,2,Bachelors,Employed,Healthcare,8,Salary,964971.94,79941.85,86,582,0.52,2,2,1,0,40,0.322,1.128,0.348,1,0,1,1,25738.08333333333,0.3219560390120358,393599.1536263376,0.8333333333333334,0.2436276529502774,Very High,"(0.229, 0.35]",Low,Low Risk
565,142751,496099.21,60,10.62,10692.62,Personal,Mobile App,19,Male,Single,0,High School,Employed,Retail,0,Salary,934837.27,75754.04,64,683,0.24,4,1,0,1,40,0.141,0.531,0.18,1,0,0,0,3508.7466666666664,0.0463170063228356,498574.6151959284,0.0,0.6682001013269698,Medium,"(0.152, 0.229]",High,Low Risk
566,77954,376692.1,36,6.39,11526.39,Home,Online,42,Female,Single,0,High School,Self-Employed,Finance,12,Freelance,348350.07,28109.39,66,802,0.17,3,0,0,3,0,0.41,1.081,0.632,1,0,1,1,9999.144761904765,0.355709926539787,124960.76105815195,0.7916666666666666,0.15753120860558278,Medium,"(0.35, 2.5]",Low,Low Risk
567,174344,176266.07,24,10.29,8157.4,Business,Mobile App,43,Female,Single,0,High School,Unemployed,Unemployed,0,No Income,187706.73,15468.12,47,653,0.49,2,0,0,2,0,0.527,0.939,0.81,1,1,0,1,4080.314347826087,0.2637715880299646,76447.01944601498,0.7916666666666666,0.2397768716827026,Low,"(0.35, 2.5]",Low,Low Risk
568,58426,193029.35,120,15.27,3146.23,Education,Online,49,Female,Single,1,High School,Unemployed,Unemployed,0,No Income,186845.05,14963.23,36,539,0.23,1,1,0,2,32,0.21,1.033,0.489,1,1,1,0,6140.483333333333,0.4103440894274769,63919.51579242836,0.8333333333333334,0.12736867215552097,Low,"(0.35, 2.5]",Low,Credit Risk
569,94610,622208.78,240,7.49,5008.67,Personal,Mobile App,32,Male,Single,0,Bachelors,Employed,Retail,9,Salary,732484.23,61391.07,85,787,0.24,1,0,0,1,0,0.082,0.849,0.126,0,0,0,0,23711.971904761907,0.3862383513825467,272532.3341394561,0.8333333333333334,0.1569249456792147,High,"(0.013999999999999999, 0.152]",Low,Low Risk
570,139928,697415.97,48,13.38,18841.73,Personal,Branch,32,Female,Single,0,Bachelors,Self-Employed,IT,7,Business,1517466.58,123749.75,62,512,0.22,2,0,0,1,0,0.152,0.46,0.179,1,0,0,1,5620.389375,0.0454170126241659,837239.407440213,0.0,0.7071788478070873,High,"(0.152, 0.229]",High,Credit Risk
571,25379,213333.17,48,18.1,6277.81,Business,Online,49,Male,Married,2,High School,Self-Employed,Education,1,Business,796652.57,66859.6,52,387,0.62,6,2,3,2,162,0.094,0.268,0.185,1,0,0,0,23247.11869565217,0.3476953347061224,304612.4025667512,0.9166666666666666,0.15773496054506747,Low,"(0.152, 0.229]",Low,Credit Risk
572,70192,595026.41,48,11.32,15471.4,Home,Branch,30,Female,Single,1,Bachelors,Self-Employed,IT,7,Business,1179269.86,97123.36,76,624,0.56,2,0,1,3,0,0.159,0.505,0.249,0,0,0,0,27279.883913043475,0.280875816458852,471679.6660377555,0.875,0.21175263419102175,High,"(0.229, 0.35]",Low,Low Risk
573,132304,418965.66,240,9.2,3823.6,Business,Online,58,Male,Married,0,PhD,Employed,Construction,24,Salary,882170.43,71586.82,100,670,0.14,4,0,0,3,0,0.053,0.475,0.144,0,0,0,0,3970.827142857143,0.0554679153919918,495966.904573473,0.0,0.7443639417655682,Medium,"(0.013999999999999999, 0.152]",High,Low Risk
574,69905,293125.35,60,6.36,5716.13,Personal,Branch,31,Female,Single,1,PhD,Employed,Healthcare,5,Salary,514339.79,42444.51,80,794,0.22,0,0,0,2,0,0.135,0.57,0.24,0,0,0,0,17318.210454545453,0.408010422175289,188603.0939414485,0.7916666666666666,0.17048239034056367,Medium,"(0.229, 0.35]",Low,Low Risk
575,86772,1039518.55,84,6.05,15210.79,Personal,Online,49,Male,Single,1,Bachelors,Self-Employed,Services,2,Business,1410792.82,115038.24,59,780,0.54,2,0,0,0,0,0.132,0.737,0.159,0,0,0,0,4994.200999999999,0.0434130215046622,813602.7978825681,0.0,0.7720123266012968,Very High,"(0.152, 0.229]",High,Behavioral Risk
576,119423,217220.72,48,5.0,5002.44,Education,Online,42,Male,Single,1,Bachelors,Employed,Services,7,Salary,353963.71,29781.17,84,824,0.16,2,0,0,1,0,0.168,0.614,0.243,0,0,0,0,9563.139523809525,0.3211028452194559,140662.92983720233,0.7916666666666666,0.20782310148146552,Low,"(0.229, 0.35]",Low,Low Risk
577,137392,421337.66,60,16.02,10250.59,Personal,Branch,26,Female,Married,0,High School,Employed,Education,1,Salary,603735.38,49846.24,73,549,0.53,6,3,0,1,174,0.206,0.698,0.272,1,0,0,1,14714.762727272726,0.29519714085018,263349.33684901183,0.875,0.30627164285201247,Medium,"(0.229, 0.35]",Medium,Credit Risk
578,160962,911130.98,36,7.23,28228.99,Personal,Mobile App,41,Male,Single,0,High School,Employed,IT,3,Salary,917237.75,77544.92,72,746,0.18,1,0,0,2,0,0.364,0.993,0.425,0,0,0,0,31154.22,0.4017518910085792,359714.9705878819,0.7916666666666666,0.21047542839895764,Very High,"(0.35, 2.5]",Low,Low Risk
579,10999,1202642.07,24,5.12,52826.23,Personal,Online,47,Female,Married,1,High School,Employed,Retail,15,Salary,744247.58,60946.96,88,807,0.15,4,0,0,1,0,0.867,1.616,0.907,1,0,1,1,2487.3228571428567,0.0408106006688797,392358.2819620429,0.0,0.6361691293897587,Very High,"(0.35, 2.5]",Medium,Financial Stress
580,82258,3189738.95,48,8.46,78561.43,Home,Mobile App,62,Female,Married,1,Bachelors,Self-Employed,IT,2,Business,1530557.8,124084.15,54,723,0.48,0,0,0,0,0,0.633,2.084,0.657,1,0,1,0,48957.851,0.3945504437879956,573431.349045175,0.7916666666666666,0.20491672799852195,Very High,"(0.35, 2.5]",Low,Financial Stress
581,94240,626470.27,72,16.17,13648.0,Education,Branch,38,Male,Married,4,High School,Self-Employed,IT,13,Freelance,869017.42,72321.94,78,461,0.34,4,0,1,1,0,0.189,0.721,0.233,1,0,0,0,24877.75857142857,0.3439815717036471,347011.4837942469,0.8333333333333334,0.2225474785316988,High,"(0.229, 0.35]",Low,Credit Risk
582,104022,1281154.17,60,9.01,26600.87,Education,Online,50,Female,Married,1,Masters,Employed,IT,4,Salary,1236851.32,103449.47,64,696,0.45,1,0,0,0,0,0.257,1.036,0.28,0,0,1,0,5695.028181818182,0.0550507714640463,698342.7715568177,0.0,0.7064408088101806,Very High,"(0.229, 0.35]",High,Low Risk
583,52336,649699.85,48,6.49,15404.61,Personal,Online,49,Male,Married,1,Bachelors,Employed,IT,19,Salary,1388693.52,117458.62,87,733,0.15,2,0,0,0,0,0.131,0.468,0.139,0,0,0,0,4284.603,0.0364772421364891,782516.7467485104,0.0,0.6828494438560093,High,"(0.013999999999999999, 0.152]",High,Low Risk
584,41317,522244.6,48,11.39,13596.81,Personal,Branch,30,Female,Married,4,High School,Employed,Services,1,Salary,483367.79,38470.37,69,664,0.44,2,1,1,0,58,0.353,1.08,0.375,1,0,1,0,1628.240909090909,0.0423234449173738,275699.9797048793,0.0,0.7917453147319272,High,"(0.35, 2.5]",High,Behavioral Risk
585,81678,77462.32,60,10.14,1651.19,Medical,Mobile App,66,Male,Married,0,High School,Unemployed,Unemployed,0,No Income,154747.11,12334.05,42,691,0.25,3,0,0,1,0,0.134,0.501,0.309,0,1,0,0,4312.149090909091,0.3495850516138233,60672.573601112905,0.875,0.24256889541900223,Low,"(0.229, 0.35]",Low,Low Risk
586,155070,208498.48,60,5.19,3952.8,Personal,Mobile App,36,Male,Married,3,High School,Employed,Retail,2,Salary,372798.52,29950.04,64,828,0.19,3,0,0,0,0,0.132,0.559,0.141,0,0,0,0,7691.494210526316,0.2568022416091834,154022.48468735625,0.75,0.2878035813550236,Low,"(0.013999999999999999, 0.152]",Medium,Low Risk
587,2770,1060757.82,60,8.27,21645.67,Car,Online,35,Female,Married,4,Bachelors,Employed,Healthcare,7,Salary,1101271.49,91663.78,84,747,0.14,2,0,0,1,0,0.236,0.963,0.265,0,0,0,0,3713.181428571429,0.0405082675000303,607298.8695935851,0.0,0.6760448888758717,Very High,"(0.229, 0.35]",High,Low Risk
588,89788,647452.48,24,10.24,29948.42,Home,Online,55,Male,Married,2,Bachelors,Employed,Services,24,Salary,1848200.81,147427.89,100,654,0.57,2,0,0,5,0,0.203,0.35,0.299,0,0,0,1,5178.930714285714,0.0351283301006045,938835.7669271424,0.0,0.6199095091851712,High,"(0.229, 0.35]",Medium,Low Risk
589,21440,166783.01,24,7.88,7534.02,Personal,Branch,31,Female,Married,2,Bachelors,Employed,Education,5,Salary,659612.06,54784.21,79,728,0.28,4,0,0,0,0,0.138,0.253,0.152,0,0,0,0,2720.714285714286,0.0496614740678056,373246.01334273495,0.0,0.7183501849674402,Low,"(0.013999999999999999, 0.152]",High,Low Risk
590,163068,69015.58,36,9.63,2214.97,Home,Online,33,Female,Widowed,0,Bachelors,Unemployed,Unemployed,0,No Income,148730.56,11885.26,49,736,0.67,2,0,0,0,0,0.186,0.464,0.22,0,1,0,0,3798.293,0.3195532488772751,61869.9909492339,0.75,0.3171890889905228,Low,"(0.152, 0.229]",Medium,Low Risk
591,135201,139579.08,24,8.33,6333.81,Personal,Online,36,Male,Single,1,High School,Unemployed,Unemployed,0,No Income,145581.29,11554.39,49,775,0.24,3,0,0,0,0,0.548,0.959,0.56,0,1,0,0,4162.692083333333,0.3602381298539758,50499.417244166165,0.8333333333333334,0.1355863237150396,Low,"(0.35, 2.5]",Low,Low Risk
592,109316,345707.71,24,9.5,15872.99,Personal,Mobile App,53,Female,Married,4,Bachelors,Employed,Manufacturing,7,Salary,807048.62,64671.15,91,642,0.46,3,0,1,2,0,0.245,0.428,0.33,0,0,0,0,25480.57227272728,0.3939960597061838,291835.2657608102,0.8333333333333334,0.1745212272810392,Medium,"(0.229, 0.35]",Low,Low Risk
593,93876,394178.38,24,5.04,17300.22,Home,Branch,34,Female,Single,0,Masters,Employed,Manufacturing,1,Salary,845723.57,67868.89,67,823,0.45,1,0,0,1,0,0.255,0.466,0.307,0,0,0,0,19960.46,0.2940989001160897,348575.5112168044,0.75,0.2959419971145484,Medium,"(0.229, 0.35]",Medium,Low Risk
594,63243,3821734.41,36,8.63,120873.09,Car,Branch,51,Female,Married,0,High School,Self-Employed,Healthcare,19,Freelance,2547082.32,207553.8,74,718,0.43,2,0,0,1,0,0.582,1.5,0.614,1,0,1,0,67728.2975,0.3263152550555323,1013000.0199820792,0.75,0.24980947443931298,Very High,"(0.35, 2.5]",Low,High Exposure
595,12827,288941.76,48,7.25,6952.63,Personal,Branch,39,Female,Single,0,PhD,Employed,Finance,9,Salary,703394.16,58644.9,92,806,0.61,2,1,0,0,50,0.119,0.411,0.149,1,0,0,0,2498.1911111111112,0.0425978817122955,398310.9339772093,0.0,0.712051519702077,Low,"(0.013999999999999999, 0.152]",High,Low Risk
596,93721,166905.09,36,8.9,5299.77,Home,Agent,35,Non-Binary,Single,0,High School,Employed,IT,9,Salary,408368.98,32756.51,79,666,0.37,2,0,0,0,0,0.162,0.409,0.18,0,0,0,0,1934.99,0.0590701185773888,243218.4589245136,0.0,0.8510602133364915,Low,"(0.152, 0.229]",High,Behavioral Risk
597,76764,438099.03,60,11.03,9531.89,Personal,Branch,64,Male,Widowed,1,High School,Employed,Retail,19,Salary,1041343.67,85584.83,98,599,0.47,0,0,1,2,0,0.111,0.421,0.182,0,0,0,0,33042.85956521739,0.3860786249922141,391684.7465356137,0.8333333333333334,0.18612238415983443,Medium,"(0.152, 0.229]",Low,Low Risk
598,69577,498166.44,60,8.11,10127.27,Business,Mobile App,53,Male,Married,3,High School,Employed,Retail,13,Salary,437950.0,37004.49,99,726,0.54,2,0,0,1,0,0.274,1.137,0.355,0,0,1,0,13765.650476190474,0.3719894122788396,176347.71854800428,0.7916666666666666,0.22985303564066256,Medium,"(0.35, 2.5]",Low,Low Risk
599,16926,165201.92,240,14.65,2132.76,Car,Online,36,Female,Divorced,0,High School,Employed,IT,12,Salary,401102.96,34082.86,89,589,0.26,6,2,0,4,172,0.063,0.412,0.31,1,0,0,1,11771.988095238095,0.3453830668016502,164417.03988573427,0.7916666666666666,0.23550084809811897,Low,"(0.229, 0.35]",Low,Low Risk
600,76437,5634028.42,48,6.82,134443.82,Home,Mobile App,49,Male,Single,1,High School,Self-Employed,Finance,25,Business,3461928.2,284401.12,90,763,0.74,3,0,0,2,0,0.473,1.627,0.524,0,0,1,1,12651.87,0.0444858498241855,2110747.4944920647,0.0,0.8466702440619102,Very High,"(0.35, 2.5]",High,Behavioral Risk
601,36637,121755.48,48,10.3,3105.6,Education,Mobile App,20,Female,Single,0,High School,Unemployed,Unemployed,0,No Income,177972.09,14681.81,48,681,0.35,0,0,0,0,0,0.212,0.684,0.229,0,1,0,0,579.4072727272727,0.0394616066493588,101918.0918752702,0.0,0.7430910388151313,Low,"(0.152, 0.229]",High,Low Risk
602,74773,704727.67,12,6.16,60705.23,Personal,Online,40,Male,Single,0,High School,Self-Employed,Services,17,Business,812707.24,65364.45,98,793,0.21,1,0,0,1,0,0.929,0.867,0.97,1,0,0,1,2710.3500000000004,0.0414645657606579,454762.0408127335,0.0,0.7469893157647179,High,"(0.35, 2.5]",High,Financial Stress
603,84086,1771335.03,48,7.71,43002.74,Car,Mobile App,18,Female,Single,0,Bachelors,Self-Employed,Services,0,Business,2618817.71,221307.21,67,725,0.15,1,0,0,2,0,0.194,0.676,0.22,0,0,0,0,69323.6419047619,0.313244781586557,1172150.135649481,0.7916666666666666,0.32791900542596875,Very High,"(0.152, 0.229]",Medium,Low Risk
604,105885,827436.43,60,8.93,17148.12,Business,Agent,29,Male,Married,4,Bachelors,Self-Employed,Finance,0,Business,747574.14,60780.13,43,677,0.44,3,0,0,3,0,0.282,1.107,0.403,0,0,1,1,21028.841818181816,0.3459764867514279,292642.2771240254,0.9166666666666666,0.21239709879142332,High,"(0.35, 2.5]",Low,Low Risk
605,160234,1065281.44,36,10.07,34408.66,Home,Branch,28,Female,Single,0,Masters,Self-Employed,Manufacturing,5,Business,919441.7,76726.29,67,693,0.58,3,0,0,1,0,0.448,1.159,0.504,0,0,1,0,21125.885454545456,0.2753373076847293,383012.2177340236,0.7916666666666666,0.2533696327109237,Very High,"(0.35, 2.5]",Low,Low Risk
606,64238,733911.17,120,9.54,9512.71,Home,Agent,35,Female,Single,1,Bachelors,Employed,Education,11,Salary,923380.49,77175.81,76,644,0.3,0,0,0,2,0,0.123,0.795,0.19,0,0,0,0,18787.537083333333,0.2434350044182097,391123.0429914584,0.8333333333333334,0.25430715627647754,High,"(0.152, 0.229]",Low,Low Risk
607,80212,649019.53,240,14.14,8136.77,Car,Online,24,Male,Married,2,Bachelors,Employed,Manufacturing,2,Salary,746849.58,59423.98,56,480,0.55,5,0,1,0,0,0.137,0.869,0.164,1,0,0,0,2419.3541666666665,0.040712746839236,383627.8408156129,0.0,0.6399923471139788,High,"(0.152, 0.229]",Medium,Credit Risk
608,60144,423035.64,240,7.95,3525.29,Personal,Branch,60,Female,Married,1,Masters,Self-Employed,Construction,13,Freelance,885232.53,74590.89,88,730,0.29,0,0,0,0,0,0.047,0.478,0.062,0,0,0,0,4134.054,0.0554222985903695,490593.0293478164,0.0,0.6695949464814966,Medium,"(0.013999999999999999, 0.152]",High,Low Risk
609,14648,376412.42,240,7.57,3048.48,Personal,Branch,26,Female,Single,0,Masters,Employed,Retail,3,Salary,1133782.15,93576.82,66,760,0.24,0,0,0,1,0,0.033,0.332,0.066,0,0,0,0,31790.688999999995,0.3397246163674254,476941.8944752787,0.7916666666666666,0.2921559928508678,Medium,"(0.013999999999999999, 0.152]",Medium,Low Risk
610,129889,1941279.53,60,11.02,42227.49,Home,Branch,25,Female,Married,1,Masters,Self-Employed,Healthcare,1,Business,1805065.83,149015.19,56,683,0.5,2,1,0,1,74,0.283,1.075,0.322,1,0,1,0,44187.240909090906,0.2965264439326418,766943.3374664086,0.8333333333333334,0.2846601764310181,Very High,"(0.229, 0.35]",Medium,Low Risk
611,45339,190834.14,72,11.6,3691.27,Car,Mobile App,58,Female,Married,1,Bachelors,Unemployed,Unemployed,0,No Income,198264.72,16298.68,45,610,0.2,2,0,1,1,0,0.226,0.963,0.359,0,1,0,0,580.6842857142857,0.0356255022009196,108641.54181125652,0.0,0.683323797650875,Low,"(0.35, 2.5]",High,Low Risk
612,45389,152363.19,12,7.53,13220.75,Home,Online,26,Male,Married,1,Bachelors,Employed,IT,5,Salary,298533.53,24865.77,79,798,0.36,1,0,0,1,0,0.532,0.51,0.63,1,1,0,0,6106.715,0.2455773307108241,135043.7919991045,0.875,0.32501549616494013,Low,"(0.35, 2.5]",Medium,Low Risk
613,53478,151842.85,60,10.82,3287.82,Car,Online,26,Female,Divorced,0,Bachelors,Employed,Manufacturing,3,Salary,272360.27,22920.52,69,638,0.27,3,0,2,1,0,0.143,0.558,0.244,0,1,0,0,8301.189090909089,0.3621570075156049,109265.36607720295,0.9166666666666666,0.2063623386539589,Low,"(0.229, 0.35]",Low,Low Risk
614,15222,83480.11,72,15.28,1777.91,Education,Online,53,Male,Single,0,Bachelors,Unemployed,Unemployed,0,No Income,249582.03,19960.45,44,553,0.56,1,1,0,1,24,0.089,0.334,0.217,1,1,0,1,764.6592307692307,0.0383067978913972,135608.23670432257,0.0,0.7113194003549245,Low,"(0.152, 0.229]",High,Credit Risk
615,122146,1436002.47,60,7.12,28515.94,Business,Agent,51,Female,Married,4,Bachelors,Self-Employed,IT,19,Business,1601455.63,136054.13,89,749,0.36,1,0,0,1,0,0.21,0.897,0.242,0,0,0,0,53576.6525,0.3937863460201758,634897.8476008006,0.6666666666666666,0.23564171938739653,Very High,"(0.229, 0.35]",Low,Low Risk
616,165000,399980.25,36,8.75,12672.78,Home,Online,34,Male,Widowed,0,Bachelors,Employed,Construction,12,Salary,512221.19,41428.06,78,687,0.31,3,0,0,0,0,0.306,0.781,0.321,0,0,0,0,1883.293,0.0454582604577559,273058.340281238,0.0,0.6700207834037668,Medium,"(0.229, 0.35]",High,Low Risk
617,156948,53364.72,72,10.55,1003.49,Personal,Online,34,Male,Single,0,Bachelors,Unemployed,Unemployed,0,No Income,212103.58,17869.26,45,652,0.31,0,0,0,1,0,0.056,0.252,0.184,0,1,0,0,4956.412608695652,0.2773553719249553,91083.7808636554,0.7916666666666666,0.27626247458798997,Low,"(0.152, 0.229]",Medium,Low Risk
618,72029,145333.54,240,13.4,1744.27,Personal,Branch,21,Female,Single,0,High School,Employed,IT,0,Salary,412182.97,34621.81,64,602,0.77,2,1,1,1,28,0.05,0.353,0.147,1,0,0,1,10744.644545454545,0.3103342722746809,171297.7799320561,0.7916666666666666,0.2528741728023149,Low,"(0.013999999999999999, 0.152]",Low,Low Risk
619,151430,1405046.55,84,9.19,22741.62,Business,Mobile App,39,Male,Married,1,PhD,Employed,IT,12,Salary,1916826.3,152151.14,90,682,0.5,2,0,0,0,0,0.149,0.733,0.174,0,0,0,0,48874.782608695656,0.3212231034587857,747505.0174342445,0.9166666666666666,0.2269807547077103,Very High,"(0.152, 0.229]",Low,Low Risk
620,148478,160386.34,60,10.81,3472.01,Education,Online,18,Female,Single,0,High School,Unemployed,Unemployed,0,No Income,126109.4,10330.98,38,641,0.71,1,0,1,2,0,0.336,1.272,0.759,1,1,1,1,584.7066666666666,0.056591927846034,68231.17751229473,0.0,0.67561208148371,Low,"(0.35, 2.5]",High,High Exposure
621,78766,3405341.82,60,7.74,68625.1,Home,Online,30,Female,Married,1,PhD,Self-Employed,Construction,4,Freelance,4235181.67,350000.0,62,745,0.46,2,0,0,1,0,0.196,0.804,0.225,0,0,0,0,15448.163333333332,0.044137483416714,2402230.209315704,0.0,0.7277132545729293,Very High,"(0.152, 0.229]",High,Low Risk
622,31692,32834.05,84,9.5,536.64,Home,Mobile App,47,Male,Single,0,Bachelors,Unemployed,Unemployed,0,No Income,172743.52,14405.91,40,720,0.17,1,0,0,1,0,0.037,0.19,0.185,0,1,0,0,5171.001428571429,0.3589250872374041,66569.22734700603,0.7916666666666666,0.19567960779183183,Low,"(0.152, 0.229]",Low,Low Risk
623,83141,520726.15,36,7.8,16269.66,Personal,Online,42,Female,Married,1,High School,Employed,Construction,12,Salary,1189672.26,100987.8,97,758,0.17,3,0,0,0,0,0.161,0.438,0.17,0,0,0,0,5119.21,0.0506908686903894,696608.2119180986,0.0,0.7367091191020291,High,"(0.152, 0.229]",High,Low Risk
624,131997,317987.28,60,7.5,6371.81,Personal,Agent,45,Female,Married,1,High School,Employed,Services,19,Salary,845587.41,68187.38,100,749,0.43,1,0,0,1,0,0.093,0.376,0.144,0,0,0,0,2678.416875,0.0392796672248262,468891.2861463064,0.0,0.7292221421227415,Medium,"(0.013999999999999999, 0.152]",High,Low Risk
625,168205,373261.8,360,12.33,3934.49,Personal,Branch,38,Male,Married,3,Bachelors,Employed,Manufacturing,16,Salary,799964.56,65268.37,90,582,0.6,0,0,1,2,0,0.06,0.467,0.152,0,0,0,0,18379.755,0.2815984741387882,327648.3982881685,0.75,0.26804668274082943,Medium,"(0.013999999999999999, 0.152]",Medium,Low Risk
626,24787,1417717.08,36,7.95,44393.41,Medical,Online,24,Female,Widowed,0,High School,Self-Employed,Finance,2,Business,1120536.09,93857.44,66,792,0.13,1,1,0,2,77,0.473,1.265,0.522,1,0,1,1,25200.3315,0.2684929719692762,527711.4055230127,0.7083333333333334,0.40009137516990556,Very High,"(0.35, 2.5]",Medium,High Exposure
627,63415,1114612.61,240,14.17,13998.27,Home,Online,52,Female,Widowed,1,Bachelors,Employed,Finance,21,Salary,1865437.76,157332.93,100,498,0.42,1,1,0,1,22,0.089,0.598,0.123,1,0,0,1,46981.63904761904,0.2986109801466158,782577.1657649934,0.7083333333333334,0.269706751355158,Very High,"(0.013999999999999999, 0.152]",Medium,Credit Risk
628,86518,654130.49,48,6.71,15576.11,Car,Online,25,Male,Divorced,0,PhD,Employed,IT,3,Salary,1223234.28,100556.61,82,784,0.47,0,0,0,1,0,0.155,0.535,0.198,0,0,0,0,30688.93380952381,0.3051875816213592,490635.1409240277,0.8333333333333334,0.229896011180406,High,"(0.152, 0.229]",Low,Low Risk
629,16030,456231.09,60,11.52,10038.29,Medical,Agent,55,Male,Single,0,Bachelors,Employed,Manufacturing,33,Salary,468878.39,38852.25,100,643,0.43,3,0,1,0,0,0.258,0.973,0.28,0,0,0,0,1566.2075,0.0403108491567629,255325.65588953605,0.0,0.6645643821834228,Medium,"(0.229, 0.35]",High,Low Risk
630,155919,575568.05,72,10.61,10840.78,Personal,Online,45,Female,Married,0,High School,Employed,Construction,12,Salary,360116.96,28785.48,88,654,0.5,5,0,0,1,0,0.377,1.598,0.471,0,0,1,0,1132.310625,0.0393348066522895,201758.0696021036,0.0,0.7574236128041321,High,"(0.35, 2.5]",High,Behavioral Risk
631,117951,2281443.39,48,7.55,55216.05,Home,Branch,44,Female,Married,3,Masters,Employed,Retail,19,Salary,2505606.75,203606.85,95,749,0.37,1,0,0,1,0,0.271,0.911,0.3,0,0,0,0,10018.112222222222,0.0492029763205211,1501404.1526013396,0.0,0.8377177400233669,Very High,"(0.229, 0.35]",High,Behavioral Risk
632,68224,2452936.88,60,9.49,51504.25,Personal,Mobile App,32,Female,Single,0,Masters,Self-Employed,Manufacturing,5,Business,1857750.03,147870.51,70,707,0.31,0,0,0,0,0,0.348,1.32,0.364,0,0,1,0,45193.874761904764,0.3056293586364592,731824.9680907319,0.875,0.23779887014481563,Very High,"(0.35, 2.5]",Low,High Exposure
633,103767,948947.46,72,7.01,16183.17,Home,Mobile App,39,Male,Single,0,Bachelors,Self-Employed,Finance,7,Freelance,1320627.95,112269.59,67,727,0.6,1,0,0,1,0,0.144,0.719,0.192,0,0,0,0,42638.5965,0.3797842026126343,538959.2622506317,0.8333333333333334,0.23221912807597286,Very High,"(0.152, 0.229]",Low,Low Risk
634,13289,1367904.49,48,8.77,33891.17,Personal,Agent,30,Male,Single,0,High School,Employed,Construction,6,Salary,940161.37,74829.36,78,698,0.25,2,0,0,1,0,0.453,1.455,0.492,0,0,1,0,28728.828500000003,0.3839194212081834,330815.75934786705,0.6666666666666666,0.18082098314498704,Very High,"(0.35, 2.5]",Low,High Exposure
635,63020,1696927.29,72,6.32,28380.02,Personal,Online,34,Female,Married,2,Bachelors,Self-Employed,IT,1,Freelance,725853.62,61661.91,52,808,0.22,3,0,0,1,0,0.46,2.338,0.504,0,0,1,0,19842.24047619048,0.3217856646108734,295819.5611501644,0.75,0.23091938351218663,Very High,"(0.35, 2.5]",Low,High Exposure
636,42984,1152106.54,60,9.04,23938.21,Business,Mobile App,51,Female,Married,1,PhD,Employed,IT,7,Salary,1396997.99,118591.71,96,719,0.39,1,0,0,2,0,0.202,0.825,0.255,0,0,0,0,32236.26909090909,0.2718233615785413,622182.2090616024,0.7916666666666666,0.30666955219238445,Very High,"(0.229, 0.35]",Medium,Low Risk
637,176330,641429.51,48,6.4,15181.9,Home,Agent,50,Female,Single,0,High School,Employed,Manufacturing,23,Salary,1560042.78,126335.34,100,794,0.55,2,0,0,2,0,0.12,0.411,0.179,0,0,0,0,6445.923,0.0510219229083255,749152.3700938072,0.0,0.5306506017181046,High,"(0.152, 0.229]",Medium,Low Risk
638,15358,110211.88,240,10.78,1121.14,Car,Online,33,Male,Single,0,Bachelors,Unemployed,Unemployed,0,No Income,198554.93,15880.97,24,677,0.16,2,0,0,2,0,0.071,0.555,0.33,0,1,0,0,5059.978571428571,0.3185989251603278,79728.51081717157,0.7916666666666666,0.27042962689564487,Low,"(0.229, 0.35]",Medium,Low Risk
639,15842,374749.96,72,7.96,6563.26,Car,Agent,27,Female,Single,0,Bachelors,Employed,Services,4,Salary,935056.07,75917.53,68,739,0.28,4,0,0,0,0,0.086,0.401,0.1,0,0,0,0,26161.92428571429,0.3446052536279916,371237.0536340714,0.8333333333333334,0.2422674289321771,Medium,"(0.013999999999999999, 0.152]",Low,Low Risk
640,109927,271736.5,60,5.92,5243.33,Education,Branch,49,Female,Single,0,Bachelors,Employed,IT,19,Salary,851782.89,68447.22,95,835,0.11,0,0,0,1,0,0.077,0.319,0.111,0,0,0,0,3666.556923076923,0.0535668703010381,453091.3439453711,0.0,0.6781597258926918,Low,"(0.013999999999999999, 0.152]",High,Low Risk
641,67820,668610.89,36,12.59,22396.33,Personal,Mobile App,21,Female,Married,1,Masters,Employed,Healthcare,0,Salary,927692.73,76665.73,64,553,0.4,1,0,1,5,0,0.292,0.721,0.443,1,0,0,1,27797.34173913044,0.3625737231668866,325934.87801722775,0.8333333333333334,0.11086732175553835,High,"(0.35, 2.5]",Low,Credit Risk
642,45783,78479.49,36,10.49,2550.41,Business,Online,29,Female,Single,1,Bachelors,Unemployed,Unemployed,0,No Income,204788.19,17013.97,50,691,0.55,3,0,0,1,0,0.15,0.383,0.295,0,1,0,0,1049.879,0.0617032530765555,111227.56167407292,0.0,0.6626846981709098,Low,"(0.229, 0.35]",High,Low Risk
643,70578,101838.03,48,9.89,2577.5,Personal,Agent,45,Male,Married,3,Masters,Unemployed,Unemployed,0,No Income,267222.0,22447.03,59,688,0.12,2,0,0,2,0,0.115,0.381,0.299,0,1,0,0,1207.8742857142856,0.053807585151761,163294.39229675545,0.0,0.8176702763349255,Low,"(0.229, 0.35]",High,Behavioral Risk
644,154583,330108.5,72,8.93,5938.92,Personal,Mobile App,70,Male,Single,2,Bachelors,Employed,IT,36,Salary,861175.82,72689.57,100,738,0.54,2,1,0,0,46,0.082,0.383,0.109,1,0,0,0,3395.1875,0.0467073995980496,526067.2190370861,0.0,0.8079227951139342,Medium,"(0.013999999999999999, 0.152]",High,Behavioral Risk
645,155938,1026585.56,72,7.74,17869.33,Business,Branch,46,Female,Single,0,Masters,Self-Employed,Education,14,Business,2679468.4,213937.28,68,728,0.31,4,0,0,0,0,0.084,0.383,0.099,0,0,0,0,75096.423,0.3510191023317566,965343.085912653,0.7916666666666666,0.17057692982733494,Very High,"(0.013999999999999999, 0.152]",Low,Low Risk
646,53981,409865.07,360,6.54,2601.42,Home,Agent,33,Male,Married,0,High School,Employed,Healthcare,8,Salary,668862.22,55419.28,75,783,0.16,1,0,0,1,0,0.047,0.613,0.091,0,0,0,0,3065.5,0.0553136866143585,376390.7569118613,0.0,0.7152531138017305,Medium,"(0.013999999999999999, 0.152]",High,Low Risk
647,133870,511543.96,24,6.13,22701.92,Personal,Online,55,Female,Widowed,1,Bachelors,Employed,Services,33,Salary,927837.1,73748.1,100,804,0.09,3,0,0,1,0,0.308,0.551,0.339,0,0,0,0,19820.65909090909,0.2687579792961418,387064.0640518504,0.7083333333333334,0.32051114965433647,Medium,"(0.229, 0.35]",Medium,Low Risk
648,103768,698796.27,60,9.35,14624.85,Business,Online,35,Female,Single,0,PhD,Employed,Manufacturing,4,Salary,971666.98,79727.03,82,695,0.39,1,0,0,0,0,0.183,0.719,0.203,0,0,0,0,4017.696,0.0503925156560371,542257.3243932276,0.0,0.7160755820040513,High,"(0.152, 0.229]",High,Low Risk
649,123762,1283860.99,24,7.78,57936.82,Personal,Mobile App,42,Male,Married,2,Masters,Employed,Manufacturing,11,Salary,1917829.23,162785.97,86,718,0.46,1,0,0,1,0,0.356,0.669,0.391,0,0,0,0,39784.77090909091,0.2443977605154203,905828.4156956826,0.875,0.353208245282653,Very High,"(0.35, 2.5]",Medium,Low Risk
650,136383,1007522.25,48,10.04,25572.73,Personal,Branch,46,Male,Married,3,Bachelors,Employed,Services,15,Salary,977574.65,82644.92,100,652,0.36,0,0,0,2,0,0.309,1.031,0.376,0,0,1,0,33428.69047619047,0.4044808319175402,383506.0184950007,0.875,0.19732031199119815,Very High,"(0.35, 2.5]",Low,Low Risk
651,83504,1995203.61,240,6.42,14781.88,Personal,Online,49,Male,Married,2,Bachelors,Employed,IT,15,Salary,2714170.87,224574.79,78,758,0.36,0,0,0,0,0,0.066,0.735,0.084,0,0,0,0,72863.64857142858,0.3244501491965299,1135477.2455878798,0.7083333333333334,0.2937945489407107,Very High,"(0.013999999999999999, 0.152]",Medium,Low Risk
652,138594,3079918.24,72,5.54,50377.03,Personal,Online,18,Male,Single,0,Bachelors,Self-Employed,Education,0,Business,3111401.03,256018.92,61,818,0.25,1,0,0,1,0,0.197,0.99,0.217,0,0,0,0,108937.7161904762,0.4255048442733525,1068321.9020597353,0.7916666666666666,0.11732757178506294,Very High,"(0.152, 0.229]",Low,Low Risk
653,75789,463781.25,120,8.22,5681.0,Personal,Mobile App,24,Male,Single,0,High School,Employed,Services,1,Salary,679510.89,57358.49,63,707,0.17,1,0,0,0,0,0.099,0.683,0.108,0,0,0,0,4155.436363636364,0.0724454900773414,346375.28297053644,0.0,0.5593042186292363,Medium,"(0.013999999999999999, 0.152]",Medium,Low Risk
654,12118,471176.31,24,9.15,21558.01,Personal,Online,43,Male,Single,0,Bachelors,Self-Employed,Healthcare,13,Business,1334323.35,108983.13,80,672,0.41,2,0,0,0,0,0.198,0.353,0.218,0,0,0,0,5392.126923076923,0.0494762579017415,801743.9081511887,0.0,0.8340653606794802,Medium,"(0.152, 0.229]",High,Behavioral Risk
655,38336,566130.45,36,7.92,17719.58,Home,Branch,61,Male,Single,1,High School,Employed,Services,0,Salary,1243748.27,105440.46,62,762,0.38,2,0,0,1,0,0.168,0.455,0.206,0,0,0,0,4887.101818181818,0.0463489581629637,659907.9170055281,0.0,0.599451850414768,High,"(0.152, 0.229]",Medium,Low Risk
656,12219,1373675.09,360,11.99,14119.22,Personal,Mobile App,38,Male,Married,0,Bachelors,Self-Employed,Manufacturing,11,Business,1247977.85,100755.11,68,593,0.3,3,1,0,0,19,0.14,1.101,0.155,1,0,1,0,38503.495,0.3821455095874583,452089.6823373088,0.6666666666666666,0.19444220880273877,Very High,"(0.152, 0.229]",Low,Low Risk
657,146602,5498362.07,84,5.06,77868.46,Business,Branch,43,Male,Married,2,Bachelors,Self-Employed,Healthcare,2,Business,3271474.87,264929.84,60,800,0.16,1,0,0,1,0,0.294,1.681,0.309,0,0,1,0,15520.32,0.0585825342191192,1830626.6165551404,0.0,0.7412709404802582,Very High,"(0.229, 0.35]",High,High Exposure
658,173168,410222.25,36,7.6,12779.31,Business,Branch,18,Female,Single,0,High School,Self-Employed,Finance,0,Freelance,1520970.32,127824.96,59,765,0.47,0,0,0,2,0,0.1,0.27,0.155,0,0,0,0,42300.7415,0.3309244968705886,663416.3212738824,0.75,0.3168639997616868,Medium,"(0.152, 0.229]",Medium,Low Risk
659,48756,115639.89,84,10.14,1928.13,Home,Online,30,Male,Single,0,Bachelors,Employed,Construction,6,Salary,779780.21,63084.9,78,638,0.46,3,0,2,0,0,0.031,0.148,0.054,0,0,0,0,2575.6030769230765,0.0408269213393654,434081.3482663061,0.0,0.7305518891374284,Low,"(0.013999999999999999, 0.152]",High,Low Risk
660,84834,1402167.99,48,16.26,39924.79,Business,Branch,53,Female,Married,1,Masters,Employed,Services,25,Salary,1292679.01,108471.94,100,426,0.29,3,0,1,1,0,0.368,1.085,0.401,1,0,1,1,40426.52571428572,0.3726876556889277,501405.6585999043,0.8333333333333334,0.19247245163948815,Very High,"(0.35, 2.5]",Low,Credit Risk
661,6204,2845847.96,240,9.2,25972.03,Car,Online,60,Male,Married,0,Bachelors,Employed,Construction,12,Salary,2866172.76,231278.72,88,686,0.24,2,0,0,2,0,0.112,0.993,0.142,0,0,0,0,99285.8435,0.4292890163478233,1066612.894855198,0.75,0.21887197427286248,Very High,"(0.013999999999999999, 0.152]",Low,Low Risk
662,85217,3220993.27,24,9.04,147209.37,Home,Mobile App,55,Male,Married,0,PhD,Self-Employed,Finance,14,Business,3500614.9,290003.57,92,713,0.36,3,0,0,1,0,0.508,0.92,0.533,0,0,0,0,112642.654,0.3884168239141887,1307717.3686152129,0.6666666666666666,0.20079959157222554,Very High,"(0.35, 2.5]",Low,Low Risk
663,96702,604838.45,36,6.71,18595.56,Car,Online,55,Male,Single,0,Bachelors,Employed,Healthcare,17,Salary,1253825.54,103460.1,94,754,0.11,4,0,0,0,0,0.18,0.482,0.185,0,0,0,0,28354.24238095238,0.2740570357453417,543375.7479455239,0.75,0.31553168329203185,High,"(0.152, 0.229]",Medium,Low Risk
664,157952,1437536.85,120,8.47,17800.34,Personal,Online,38,Female,Married,2,Masters,Self-Employed,Construction,10,Freelance,1201954.59,101041.26,71,724,0.3,2,0,0,2,0,0.176,1.196,0.231,0,0,1,0,35431.93863636363,0.3506645500245504,468340.2682439871,0.7916666666666666,0.19664522998627154,Very High,"(0.229, 0.35]",Low,Low Risk
665,39647,766539.31,24,8.34,34787.48,Home,Mobile App,26,Female,Married,3,Masters,Employed,IT,1,Salary,1428103.14,116511.42,68,717,0.26,2,0,0,2,0,0.299,0.537,0.346,0,0,0,0,32715.1485,0.2807867907987835,657440.0054111019,0.7916666666666666,0.39334692392050075,High,"(0.229, 0.35]",Medium,Low Risk
666,128811,236814.92,48,10.05,6011.93,Business,Mobile App,52,Female,Divorced,0,Bachelors,Employed,Manufacturing,0,Salary,473975.88,37934.17,68,621,0.56,2,0,0,0,0,0.158,0.5,0.186,0,0,0,0,13216.393913043476,0.3483942186905575,178151.620573126,0.7916666666666666,0.2090802781583469,Low,"(0.152, 0.229]",Low,Low Risk
667,142455,945966.08,84,9.68,15548.19,Car,Branch,31,Male,Married,0,High School,Employed,Manufacturing,2,Salary,919211.91,76929.8,66,682,0.45,2,0,0,1,0,0.202,1.029,0.251,0,0,1,0,24245.67842105263,0.3151621771910942,414183.956374009,0.6666666666666666,0.36831315767504363,Very High,"(0.229, 0.35]",Medium,Low Risk
668,131703,557646.33,360,8.95,4466.9,Home,Agent,47,Male,Single,1,High School,Employed,Education,25,Salary,456579.25,37174.56,100,731,0.2,1,0,0,1,0,0.12,1.221,0.184,0,0,1,0,9992.869130434785,0.2688021143577873,192308.54134823976,0.7916666666666666,0.290268269289048,High,"(0.152, 0.229]",Medium,High Exposure
669,27071,362163.72,24,10.48,16792.37,Car,Branch,18,Female,Single,0,High School,Employed,Retail,0,Salary,882564.8,70428.55,68,617,0.22,1,0,0,1,0,0.238,0.41,0.278,0,0,0,0,18161.17260869565,0.2578629653135034,364735.1530991397,0.8333333333333334,0.28159708023095203,Medium,"(0.229, 0.35]",Medium,Low Risk
670,51239,1234227.16,72,9.83,22759.43,Personal,Online,41,Male,Married,0,High School,Self-Employed,Services,7,Business,1644163.55,136725.32,73,634,0.57,1,0,0,2,0,0.166,0.751,0.224,0,0,0,0,5195.207777777778,0.0379971301632178,1057235.8272565857,0.0,0.9111950264853148,Very High,"(0.152, 0.229]",High,Behavioral Risk
671,55237,449732.52,120,14.32,7069.63,Home,Online,32,Female,Widowed,0,Bachelors,Self-Employed,Education,8,Freelance,1783391.07,146334.74,55,539,0.51,2,1,1,1,30,0.048,0.252,0.087,1,0,0,0,5549.463076923077,0.0379228141869038,1034482.8438866156,0.0,0.7699383583230572,Medium,"(0.013999999999999999, 0.152]",High,Behavioral Risk
672,53979,1123137.69,60,10.88,24352.57,Car,Branch,56,Male,Married,1,Masters,Employed,Education,7,Salary,2275587.06,192326.97,78,635,0.67,1,0,0,1,0,0.127,0.494,0.171,0,0,0,0,74079.05434782608,0.3851704686937947,842480.2009416934,0.7916666666666666,0.15123423220019788,Very High,"(0.152, 0.229]",Low,Low Risk
673,153966,1939683.02,48,6.47,45972.66,Business,Agent,49,Male,Single,0,Bachelors,Employed,IT,2,Salary,813155.6,68800.17,76,807,0.15,2,0,0,2,0,0.668,2.385,0.734,1,0,1,1,3106.277,0.0451486072111855,431630.32851540647,0.0,0.6023533408764321,Very High,"(0.35, 2.5]",Medium,Financial Stress
674,127738,410770.58,36,5.92,12481.55,Home,Branch,44,Female,Widowed,0,High School,Employed,IT,3,Salary,714534.74,58719.03,68,823,0.34,2,0,0,1,0,0.213,0.575,0.264,0,0,0,0,23274.526363636363,0.3963643472872266,259197.92262119177,0.875,0.14707371224532348,Medium,"(0.229, 0.35]",Low,Low Risk
675,18880,880307.02,60,7.24,17530.99,Business,Online,20,Female,Single,0,Bachelors,Employed,Construction,0,Salary,1120029.4,89826.14,52,725,0.33,3,0,0,1,0,0.195,0.786,0.234,0,0,0,0,34641.39578947369,0.3856450933367542,416990.9526729409,0.6666666666666666,0.22838118740327099,High,"(0.229, 0.35]",Low,Low Risk
676,170677,60058.54,120,7.37,708.84,Car,Mobile App,52,Female,Widowed,1,Bachelors,Unemployed,Unemployed,0,No Income,223851.05,18672.49,45,790,0.38,2,0,0,0,0,0.038,0.268,0.057,0,1,0,1,6644.1395454545445,0.3558059872822137,88056.98690849562,0.8333333333333334,0.20800769216399848,Low,"(0.013999999999999999, 0.152]",Low,Low Risk
677,124206,3015613.74,240,8.87,26880.64,Business,Branch,52,Female,Single,0,High School,Employed,Healthcare,20,Salary,1568970.74,126836.97,100,698,0.28,1,0,0,1,0,0.212,1.922,0.242,0,0,1,0,52105.248095238094,0.4108016558073114,600566.381688952,0.75,0.24036634035086182,Very High,"(0.229, 0.35]",Low,High Exposure
678,137130,204323.29,60,22.82,5738.86,Personal,Agent,36,Male,Widowed,0,Bachelors,Employed,Services,13,Salary,610750.54,49930.75,86,492,0.78,8,6,1,1,462,0.115,0.335,0.194,1,0,0,1,20768.869545454545,0.4159451560470952,210351.01084560488,0.7916666666666666,0.12339469304728636,Low,"(0.152, 0.229]",Low,Credit Risk
679,150485,184258.67,48,8.5,4541.66,Education,Online,49,Female,Married,0,Masters,Employed,Healthcare,11,Salary,648255.92,53481.83,86,750,0.19,3,1,0,0,61,0.085,0.284,0.094,1,0,0,1,13038.877826086957,0.2437955849772152,300658.54707849544,0.9166666666666666,0.3581128665261561,Low,"(0.013999999999999999, 0.152]",Medium,Low Risk
680,75754,472427.14,72,5.6,7740.59,Home,Online,31,Female,Married,1,Bachelors,Self-Employed,Manufacturing,8,Business,853091.48,71017.07,69,788,0.34,1,0,0,1,0,0.109,0.554,0.154,0,0,0,0,18045.63909090909,0.2540992608065678,381079.5295861981,0.7916666666666666,0.32760315844622817,Medium,"(0.152, 0.229]",Medium,Low Risk
681,171778,2599311.93,36,11.08,85196.65,Car,Branch,45,Male,Divorced,0,Bachelors,Employed,IT,17,Salary,3131449.0,255842.45,100,639,0.51,2,0,0,1,0,0.333,0.83,0.366,0,0,0,0,96308.5165,0.3764353416122242,1363519.8363229516,0.8333333333333334,0.3440057477787705,Very High,"(0.35, 2.5]",Medium,Low Risk
682,121679,2088496.11,360,6.23,12832.08,Education,Branch,43,Male,Single,0,Masters,Self-Employed,Education,4,Business,2550020.57,212200.26,56,792,0.57,2,0,0,2,0,0.06,0.819,0.108,0,0,0,0,72104.02526315789,0.3397907498907305,1121656.9666549305,0.75,0.33953416659462304,Very High,"(0.013999999999999999, 0.152]",Medium,Low Risk
683,127295,214434.3,72,18.36,4934.51,Home,Mobile App,69,Female,Married,4,High School,Employed,Finance,9,Salary,345563.64,27614.44,73,444,0.64,3,2,0,1,122,0.179,0.621,0.283,1,0,0,1,1372.186923076923,0.0496891204006498,194716.1004876909,0.0,0.7690575479213347,Low,"(0.229, 0.35]",High,Behavioral Risk
684,122637,762944.65,36,9.3,24368.1,Business,Agent,58,Female,Married,1,PhD,Employed,Healthcare,6,Salary,792666.27,65191.88,89,713,0.33,0,0,0,2,0,0.374,0.963,0.452,0,0,0,1,4055.433333333334,0.0622066908738091,477848.23997896793,0.0,0.831620287846616,High,"(0.35, 2.5]",High,Behavioral Risk
685,174396,474737.44,84,16.5,9564.96,Business,Branch,44,Male,Divorced,0,Masters,Employed,IT,0,Salary,744470.12,62060.02,65,507,0.45,3,2,1,1,46,0.154,0.638,0.209,1,0,0,1,4122.196666666667,0.0664216712304545,424019.1550596128,0.0,0.726763530425857,Medium,"(0.152, 0.229]",High,Credit Risk
686,77703,527455.53,24,15.73,25757.87,Business,Mobile App,28,Male,Married,1,High School,Employed,Finance,2,Salary,576773.69,45929.28,60,568,0.51,2,2,3,2,106,0.561,0.914,0.673,1,0,0,1,18543.791,0.4037378174049886,215398.51358043225,0.7083333333333334,0.23602882555771923,High,"(0.35, 2.5]",Low,Credit Risk
687,77070,687178.27,240,8.68,6042.01,Car,Mobile App,41,Male,Married,1,Bachelors,Employed,Retail,15,Salary,792943.97,63465.52,96,708,0.43,0,0,0,2,0,0.095,0.867,0.18,0,0,0,0,3985.210000000001,0.0627923194780492,449279.4620086766,0.0,0.77837110634131,High,"(0.152, 0.229]",High,Behavioral Risk
688,79690,224756.76,12,8.57,19610.52,Home,Branch,18,Male,Single,0,Bachelors,Self-Employed,Construction,0,Business,466645.4,39458.99,48,698,0.23,2,0,0,0,0,0.497,0.482,0.508,0,0,0,0,14046.974782608697,0.3559801911406641,181617.140788925,0.7916666666666666,0.19107669847586936,Low,"(0.35, 2.5]",Low,Low Risk
689,83366,132908.61,72,12.32,2620.56,Car,Online,36,Male,Married,3,High School,Unemployed,Unemployed,0,No Income,173182.87,13896.17,42,597,0.26,1,0,1,0,0,0.189,0.767,0.202,0,1,0,0,866.0933333333332,0.0623215613922354,92155.60749095897,0.0,0.6829040966028649,Low,"(0.152, 0.229]",High,Low Risk
690,179400,358349.62,240,9.4,3316.92,Business,Agent,30,Male,Married,2,PhD,Employed,IT,1,Salary,875679.49,71823.55,80,660,0.56,1,0,0,3,0,0.046,0.409,0.158,0,0,0,0,22390.82857142857,0.3117433881789523,375935.6786359144,0.8333333333333334,0.30715417727647853,Medium,"(0.152, 0.229]",Medium,Low Risk
691,147105,291399.49,24,10.79,13553.11,Personal,Online,33,Female,Married,1,Masters,Self-Employed,Services,2,Freelance,1497135.27,120482.64,59,638,0.53,1,0,3,4,0,0.112,0.195,0.205,0,0,0,1,38218.25,0.317206966854587,567299.3732573122,0.8333333333333334,0.19663298234822468,Low,"(0.152, 0.229]",Low,Low Risk
692,83480,475789.05,72,6.47,7991.19,Car,Online,64,Male,Single,0,Bachelors,Employed,IT,31,Salary,1061390.74,86179.71,100,767,0.23,1,0,0,1,0,0.093,0.448,0.127,0,0,0,0,3586.299285714286,0.041613712462038,599065.2239048027,0.0,0.7457592684193377,Medium,"(0.013999999999999999, 0.152]",High,Low Risk
693,111319,419385.71,360,5.42,2360.22,Car,Mobile App,19,Female,Single,0,High School,Employed,Manufacturing,0,Salary,920722.39,73163.85,60,831,0.43,2,0,1,1,0,0.032,0.455,0.081,0,0,0,0,3747.738333333333,0.0512232080477624,520082.8703929652,0.0,0.7816692670405977,Medium,"(0.013999999999999999, 0.152]",High,Behavioral Risk
694,143199,208063.71,360,8.66,1623.48,Car,Mobile App,29,Female,Single,0,High School,Employed,Education,6,Salary,548617.14,46551.05,75,679,0.47,1,0,0,0,0,0.035,0.379,0.058,0,0,0,0,13462.274347826087,0.2891875727884397,215079.15803629055,0.8333333333333334,0.17066318533341043,Low,"(0.013999999999999999, 0.152]",Low,Low Risk
695,39619,141830.41,48,9.54,3565.93,Car,Online,18,Male,Single,0,High School,Unemployed,Unemployed,0,No Income,188840.86,15382.92,38,757,0.33,1,0,0,2,0,0.232,0.751,0.508,0,1,0,1,866.5736363636363,0.0563298324720641,102541.74171930108,0.0,0.6886695164467933,Low,"(0.35, 2.5]",High,Low Risk
696,110945,494499.23,48,5.92,11595.2,Car,Mobile App,45,Female,Married,1,Bachelors,Employed,Retail,4,Salary,995009.91,79595.3,64,822,0.26,2,0,0,2,0,0.146,0.497,0.209,0,0,0,0,27008.111904761903,0.3393136603681566,389673.8064748387,0.8333333333333334,0.24212630210923883,Medium,"(0.152, 0.229]",Low,Low Risk
697,131451,106148.55,72,9.38,1933.47,Personal,Branch,35,Female,Married,1,Masters,Employed,IT,2,Salary,426993.09,36069.7,80,686,0.56,1,0,0,2,0,0.054,0.249,0.193,0,0,0,1,1599.4833333333331,0.0443430078521718,253631.408999068,0.0,0.7635434613835783,Low,"(0.152, 0.229]",High,Behavioral Risk
698,31921,275293.48,360,18.6,4283.92,Car,Mobile App,44,Female,Married,3,High School,Self-Employed,Manufacturing,16,Freelance,283541.89,23124.79,74,428,0.6,1,1,1,2,76,0.185,0.971,0.388,1,1,0,0,7156.788636363636,0.3094721796039675,122335.10064151276,0.7916666666666666,0.32557625965313114,Low,"(0.35, 2.5]",Medium,Credit Risk
699,75850,355617.77,72,10.58,6692.6,Personal,Agent,23,Female,Married,1,High School,Self-Employed,Services,0,Freelance,940664.15,78629.64,71,651,0.35,4,0,0,4,0,0.085,0.378,0.204,0,0,0,0,22717.995454545457,0.2889203935583566,394250.5047067397,0.7083333333333334,0.2757412150901134,Medium,"(0.152, 0.229]",Medium,Low Risk
700,145802,1265528.45,12,8.11,110150.71,Home,Online,47,Female,Married,2,High School,Employed,Construction,7,Salary,1723334.74,143612.45,73,704,0.49,0,0,0,1,0,0.767,0.734,0.805,1,0,0,1,49706.924,0.3461160775679436,668874.5292973608,0.6666666666666666,0.22154150309919,Very High,"(0.35, 2.5]",Low,Financial Stress
701,46730,769191.56,60,5.79,14795.63,Car,Mobile App,42,Female,Married,0,High School,Employed,IT,18,Salary,910581.44,73538.72,100,780,0.14,2,0,0,1,0,0.201,0.845,0.235,0,0,0,0,3194.515555555556,0.0434393217101663,546866.9916939405,0.0,0.8495219708556004,High,"(0.229, 0.35]",High,Behavioral Risk
702,143605,1210829.62,48,7.59,29327.41,Personal,Mobile App,34,Male,Single,0,PhD,Self-Employed,Services,7,Business,4353267.89,350000.0,82,764,0.47,1,0,0,0,0,0.084,0.278,0.107,0,0,0,0,127546.3452173913,0.3644170880008665,1558601.5264612795,0.875,0.14721563676900085,Very High,"(0.013999999999999999, 0.152]",Low,Low Risk
703,157836,140488.18,120,8.67,1754.65,Business,Mobile App,30,Female,Married,2,High School,Unemployed,Unemployed,0,No Income,172145.71,14260.96,45,734,0.32,2,0,0,2,0,0.123,0.816,0.42,0,1,0,0,3696.427727272727,0.2591809069211193,76859.48211654388,0.8333333333333334,0.326738123053963,Low,"(0.35, 2.5]",Medium,Low Risk
704,95003,438562.49,36,6.56,13453.48,Personal,Mobile App,36,Female,Widowed,0,Bachelors,Employed,Services,10,Salary,726943.3,61063.42,85,828,0.56,1,0,0,0,0,0.22,0.603,0.248,0,0,0,0,24439.30818181818,0.4002217360259572,264913.5686544678,0.75,0.15319836506008697,Medium,"(0.229, 0.35]",Low,Low Risk
705,56105,147184.04,84,6.81,2207.76,Home,Mobile App,46,Male,Single,0,Bachelors,Employed,Finance,12,Salary,572225.2,47936.48,89,792,0.26,1,0,0,0,0,0.046,0.257,0.059,0,0,0,0,2660.56,0.0555006228946536,304280.6802934107,0.0,0.6207265510069253,Low,"(0.013999999999999999, 0.152]",Medium,Low Risk
706,103342,352966.16,60,7.49,7071.04,Personal,Online,47,Male,Married,2,High School,Employed,Finance,20,Salary,759159.85,61420.86,100,766,0.37,2,0,0,3,0,0.115,0.465,0.231,0,0,0,0,2595.1475,0.0422512033989201,447606.70200349885,0.0,0.8175038865359968,Medium,"(0.229, 0.35]",High,Behavioral Risk
707,8390,354723.17,24,9.53,16291.83,Car,Agent,22,Female,Single,0,Bachelors,Self-Employed,Construction,0,Freelance,287082.48,24053.49,40,688,0.13,1,0,0,0,0,0.677,1.236,0.684,1,1,1,0,1202.540909090909,0.0499923677072724,153877.00669219156,0.0,0.6298746810979903,Medium,"(0.35, 2.5]",Medium,Financial Stress
708,64949,2750726.08,36,13.56,93426.53,Business,Mobile App,18,Male,Single,0,Masters,Self-Employed,Manufacturing,0,Business,1740801.96,145464.31,62,527,0.44,4,1,0,3,57,0.642,1.58,0.706,1,0,1,1,40307.19136363636,0.2770914341270531,725466.875860117,0.8333333333333334,0.24572975678127987,Very High,"(0.35, 2.5]",Low,Credit Risk
709,22939,191175.75,36,9.35,6110.53,Personal,Online,34,Male,Married,1,High School,Employed,Education,1,Salary,541937.48,43719.88,58,656,0.55,2,0,0,1,0,0.14,0.353,0.213,0,0,0,0,2361.037272727273,0.054002510304625,323252.28465328814,0.0,0.8431063281306134,Low,"(0.152, 0.229]",High,Behavioral Risk
710,2137,272891.4,240,7.55,2206.75,Personal,Mobile App,39,Female,Married,0,High School,Employed,Healthcare,7,Salary,863124.62,70455.15,64,764,0.32,2,0,0,4,0,0.031,0.316,0.161,0,0,0,1,20424.203478260868,0.289885318432257,337563.3027730053,0.875,0.20014122657305491,Low,"(0.152, 0.229]",Low,Low Risk
711,168174,1300868.68,240,8.57,11346.94,Home,Online,46,Female,Married,3,Bachelors,Self-Employed,Retail,22,Business,1257411.79,101088.31,100,685,0.16,1,0,0,0,0,0.112,1.035,0.12,0,0,1,0,5347.263000000001,0.0528964239641164,651195.3058439543,0.0,0.6401491170131756,Very High,"(0.013999999999999999, 0.152]",Medium,Low Risk
712,155443,2985085.13,240,9.27,27378.11,Car,Agent,46,Male,Single,0,High School,Self-Employed,Manufacturing,11,Business,4220003.43,342267.45,84,701,0.27,1,0,0,2,0,0.08,0.707,0.105,0,0,0,1,19797.435384615383,0.057841835508401,2315786.5161102023,0.0,0.71045279720216,Very High,"(0.013999999999999999, 0.152]",High,Low Risk
713,133380,1849160.81,60,6.82,36458.77,Home,Mobile App,36,Female,Single,0,High School,Employed,Services,14,Salary,1021433.13,83714.92,94,796,0.35,1,0,0,1,0,0.436,1.81,0.477,0,0,1,0,36390.31315789474,0.4346880874975123,357310.22730231105,0.6666666666666666,0.16126690374524205,Very High,"(0.35, 2.5]",Low,High Exposure
714,116899,1026487.6,24,7.34,46116.88,Business,Online,24,Male,Married,0,High School,Self-Employed,Healthcare,2,Business,1822422.46,145582.3,56,736,0.2,1,0,0,2,0,0.317,0.563,0.354,0,0,0,1,6142.791538461539,0.0421943419228822,1059767.9826775778,0.0,0.8157952112736035,Very High,"(0.35, 2.5]",High,Behavioral Risk
715,178345,682518.2,120,6.62,7791.59,Home,Mobile App,34,Male,Single,0,Masters,Employed,Construction,5,Salary,886027.75,70872.77,73,785,0.09,1,0,0,0,0,0.11,0.77,0.114,0,0,0,0,26628.410952380957,0.3757160223363446,319732.59807026986,0.7916666666666666,0.1766847744197723,High,"(0.013999999999999999, 0.152]",Low,Low Risk
716,97368,43029.23,36,11.73,1423.64,Car,Online,32,Female,Married,1,High School,Unemployed,Unemployed,0,No Income,174687.24,14056.57,56,621,0.4,1,0,1,2,0,0.101,0.246,0.406,0,1,0,0,467.737,0.0332729625390448,96512.84398055096,0.0,0.7253729253088356,Low,"(0.35, 2.5]",High,Low Risk
717,84494,709318.72,12,7.39,61502.64,Education,Branch,56,Male,Married,2,Masters,Employed,Services,18,Salary,1145263.86,93710.91,100,750,0.22,2,0,0,1,0,0.656,0.619,0.689,1,0,0,1,5174.972222222223,0.0552221400910751,661326.6871694284,0.0,0.7717558915615342,High,"(0.35, 2.5]",High,Behavioral Risk
718,34802,278751.93,48,9.69,7028.44,Personal,Mobile App,56,Female,Married,4,Bachelors,Employed,IT,11,Salary,648386.9,52711.32,92,650,0.28,2,0,0,0,0,0.133,0.43,0.147,0,0,0,0,2795.69,0.0530367473865692,348933.4909824075,0.0,0.678046714194559,Low,"(0.013999999999999999, 0.152]",High,Low Risk
719,135880,451466.01,48,5.46,10491.28,Car,Mobile App,60,Female,Married,1,Bachelors,Employed,Healthcare,32,Salary,685031.45,56206.86,100,805,0.73,0,0,0,0,0,0.187,0.659,0.223,0,0,0,0,3177.937,0.056539014294442,387183.7770676869,0.0,0.7361915534930922,Medium,"(0.152, 0.229]",High,Low Risk
720,135218,720280.0,360,7.62,5095.62,Personal,Mobile App,18,Female,Single,0,PhD,Self-Employed,Services,0,Business,1523038.46,125807.81,71,761,0.07,1,0,0,1,0,0.041,0.473,0.06,0,0,0,1,6918.78,0.0549943998357507,892060.472676604,0.0,0.7788496369002115,High,"(0.013999999999999999, 0.152]",High,Behavioral Risk
721,165872,198239.03,84,11.24,3419.4,Car,Mobile App,22,Female,Single,0,High School,Employed,Retail,1,Salary,470287.96,38558.62,69,666,0.27,2,1,0,1,18,0.089,0.422,0.154,1,0,0,0,13224.30652173913,0.342957387073294,183545.93233617503,0.875,0.20708968299928857,Low,"(0.152, 0.229]",Low,Low Risk
722,130450,547599.73,60,9.1,11393.86,Home,Online,32,Female,Divorced,0,Masters,Employed,Education,7,Salary,923099.29,77958.96,97,672,0.32,1,0,0,2,0,0.146,0.593,0.213,0,0,0,0,21542.02523809524,0.2763216558614863,414848.4317165335,0.8333333333333334,0.3166754098669361,High,"(0.152, 0.229]",Medium,Low Risk
723,136063,632605.13,48,6.76,15078.18,Medical,Mobile App,35,Male,Married,1,Masters,Self-Employed,Services,7,Freelance,1597099.02,128184.15,75,823,0.3,2,1,0,4,47,0.118,0.396,0.195,1,0,0,1,5870.129285714285,0.0457941445301135,908910.763374691,0.0,0.7764996460047591,High,"(0.152, 0.229]",High,Behavioral Risk
724,174798,222604.75,120,6.82,2564.03,Car,Mobile App,43,Male,Married,0,High School,Self-Employed,Construction,4,Business,513236.71,42726.29,57,780,0.21,0,0,0,0,0,0.06,0.434,0.071,0,0,0,0,15051.886666666667,0.3522780561712822,194265.5890611995,0.7916666666666666,0.17822170375474022,Low,"(0.013999999999999999, 0.152]",Low,Low Risk
725,131590,328307.56,24,11.34,15353.58,Home,Agent,59,Male,Married,2,Bachelors,Employed,Construction,25,Salary,453324.1,38143.75,100,629,0.67,1,0,1,2,0,0.403,0.724,0.541,0,0,0,0,12666.185,0.3320557874936918,186477.94641705396,0.875,0.23169669235884177,Medium,"(0.35, 2.5]",Low,Low Risk
726,150990,164377.23,60,6.21,3193.95,Education,Online,41,Female,Married,3,Bachelors,Self-Employed,Education,13,Business,372790.53,31235.09,73,826,0.27,4,1,0,2,29,0.102,0.441,0.244,1,0,0,0,1893.547142857143,0.0606204919648119,210591.54616176133,0.0,0.706038445559066,Low,"(0.229, 0.35]",High,Low Risk
727,64397,327154.06,60,5.3,6218.87,Home,Branch,26,Male,Divorced,0,High School,Employed,Manufacturing,2,Salary,503096.69,41443.0,74,830,0.48,1,0,0,1,0,0.15,0.65,0.222,0,0,0,0,12716.344736842104,0.306831983805668,216532.8316430092,0.75,0.3180993034105198,Medium,"(0.152, 0.229]",Medium,Low Risk
728,93758,1508043.57,72,9.81,27793.5,Personal,Online,27,Female,Married,0,Masters,Employed,Education,5,Salary,1110101.09,89379.81,65,648,0.32,1,0,0,1,0,0.311,1.358,0.349,0,0,1,0,33912.236190476186,0.3794129432310603,363214.2965873857,0.8333333333333334,0.07521114991994542,Very High,"(0.229, 0.35]",Low,High Exposure
729,36842,1522517.7,36,12.44,50889.93,Home,Online,53,Male,Divorced,0,Masters,Employed,Construction,30,Salary,964793.16,78555.97,100,638,0.23,1,1,0,2,43,0.648,1.578,0.71,1,0,1,1,3976.5354545454543,0.050619766197009,547763.6817318363,0.0,0.7526502214222882,Very High,"(0.35, 2.5]",High,Behavioral Risk
730,5254,436596.44,36,17.98,15779.63,Car,Mobile App,20,Male,Single,0,Masters,Employed,Healthcare,0,Salary,516719.07,42406.79,57,438,0.46,3,2,1,2,120,0.372,0.845,0.489,1,0,0,1,14179.39304347826,0.3343582168153129,189933.72971693103,0.9166666666666666,0.13789023104379602,Medium,"(0.35, 2.5]",Low,Credit Risk
731,47615,698924.99,84,7.15,10599.97,Car,Online,43,Male,Married,0,Bachelors,Employed,Manufacturing,5,Salary,725871.91,59839.03,73,793,0.22,1,1,0,1,16,0.177,0.963,0.222,1,0,0,1,14747.120454545457,0.2464423974143304,331779.8427400393,0.75,0.37075462528305464,High,"(0.152, 0.229]",Medium,Low Risk
732,148907,549859.74,60,10.49,11815.91,Car,Agent,31,Male,Widowed,0,Masters,Employed,Healthcare,10,Salary,588052.29,47102.08,85,635,0.36,0,0,0,2,0,0.251,0.935,0.354,0,0,0,0,17099.230476190478,0.3630172480481208,219736.88274461392,0.7916666666666666,0.2061749734623685,High,"(0.35, 2.5]",Low,Low Risk
733,164739,1177051.18,36,7.63,36683.93,Home,Online,34,Male,Married,2,Bachelors,Self-Employed,Retail,13,Business,1103516.15,89912.4,75,760,0.12,3,0,0,0,0,0.408,1.067,0.414,0,0,1,0,27344.491304347823,0.3041203124823199,464162.91780439456,0.7916666666666666,0.29702545953696124,Very High,"(0.35, 2.5]",Medium,Low Risk
734,101924,618911.17,60,11.08,13481.33,Business,Mobile App,46,Female,Single,0,Bachelors,Employed,IT,1,Salary,1057980.4,88162.12,61,610,0.24,0,0,0,1,0,0.153,0.585,0.188,0,0,0,0,24706.65304347826,0.2802379616723893,458174.07580426405,0.875,0.2840851015953155,High,"(0.152, 0.229]",Medium,Low Risk
735,54193,334654.23,36,12.66,11221.1,Business,Agent,53,Female,Divorced,0,High School,Self-Employed,Manufacturing,2,Business,683547.84,55406.25,63,599,0.29,1,1,0,1,53,0.203,0.49,0.253,1,0,0,0,13412.181304347823,0.2420654572162997,296994.05981508165,0.7083333333333334,0.33750018764269296,Medium,"(0.229, 0.35]",Medium,Low Risk
736,141720,665052.31,120,7.64,7942.97,Home,Mobile App,36,Male,Divorced,0,Bachelors,Self-Employed,Retail,15,Business,774851.48,65609.45,92,737,0.22,2,0,0,0,0,0.121,0.858,0.132,0,0,0,0,22986.186086956524,0.3503433688834099,287187.2409484664,0.7916666666666666,0.14163659004791865,High,"(0.013999999999999999, 0.152]",Low,Low Risk
737,97380,600067.95,60,6.78,11819.88,Business,Agent,38,Male,Married,2,Bachelors,Employed,Education,11,Salary,681533.68,56942.4,89,748,0.18,1,0,0,0,0,0.208,0.88,0.217,0,0,0,0,20663.88,0.3628845485165971,270790.64698576526,0.7916666666666666,0.22539433270909587,High,"(0.152, 0.229]",Low,Low Risk
738,160208,498636.31,240,9.14,4531.36,Car,Mobile App,50,Male,Widowed,0,Bachelors,Employed,Retail,16,Salary,1206346.14,96855.11,71,673,0.38,0,0,0,2,0,0.047,0.413,0.107,0,0,0,0,36208.16777777778,0.3738346272401171,479183.7084188564,0.7083333333333334,0.2832622909116344,Medium,"(0.013999999999999999, 0.152]",Medium,Low Risk
739,9829,448192.2,24,6.49,19963.26,Education,Mobile App,44,Female,Married,3,PhD,Employed,Healthcare,1,Salary,874480.88,72071.23,72,798,0.36,2,0,0,1,0,0.277,0.513,0.323,0,0,0,0,3748.798461538462,0.0520144646771504,489709.0920240418,0.0,0.7150761273201104,Medium,"(0.229, 0.35]",High,Low Risk
740,70627,147611.73,36,10.48,4796.35,Home,Agent,29,Male,Single,0,High School,Unemployed,Unemployed,0,No Income,183437.0,15211.76,47,672,0.31,0,0,0,2,0,0.315,0.805,0.594,0,1,0,0,4922.27,0.3235619309053715,76626.11229517733,0.7916666666666666,0.27529641212683603,Low,"(0.35, 2.5]",Medium,Low Risk
741,35332,425278.14,12,8.9,37171.48,Education,Online,27,Male,Single,1,Bachelors,Employed,Services,1,Salary,679377.72,54309.84,75,722,0.28,4,0,0,1,0,0.684,0.626,0.735,1,0,0,0,14768.301304347826,0.2719217987486076,283510.94426337327,0.8333333333333334,0.29401211794751825,Medium,"(0.35, 2.5]",Medium,Financial Stress
742,57337,1896508.13,36,9.02,60326.11,Home,Mobile App,29,Male,Married,0,Masters,Employed,IT,1,Salary,1267203.76,101734.96,74,664,0.26,2,0,0,1,0,0.593,1.497,0.626,1,0,1,0,34813.23285714286,0.3421920121178672,489531.0067482254,0.75,0.23920319562510067,Very High,"(0.35, 2.5]",Low,High Exposure
743,55827,1095609.04,60,15.85,26555.84,Personal,Branch,52,Female,Divorced,0,Masters,Employed,Education,17,Salary,898592.65,74165.94,100,525,0.23,4,2,1,3,52,0.358,1.219,0.45,1,0,1,1,2352.86,0.0317238381413605,481008.8415835854,0.0,0.6440459073729995,Very High,"(0.35, 2.5]",Medium,Credit Risk
744,62338,925166.78,60,6.99,18315.05,Home,Online,26,Female,Married,2,Bachelors,Employed,Retail,5,Salary,993279.3,82002.82,83,763,0.81,6,0,0,2,0,0.223,0.931,0.313,0,0,0,0,28257.245909090907,0.3445845072716235,408385.1567827826,0.7916666666666666,0.268554244490471,Very High,"(0.229, 0.35]",Medium,Low Risk
745,34179,320187.44,72,6.33,5356.45,Car,Branch,26,Female,Married,2,Bachelors,Self-Employed,Education,4,Business,566001.38,45702.81,60,814,0.39,3,0,0,1,0,0.117,0.566,0.18,0,0,0,0,2581.767,0.0564890979548532,300827.6763802942,0.0,0.6709503163855847,Medium,"(0.152, 0.229]",High,Low Risk
746,24340,852698.14,48,6.91,20383.33,Business,Branch,19,Female,Single,0,High School,Employed,Retail,0,Salary,995429.92,82937.95,51,752,0.48,1,0,0,2,0,0.246,0.857,0.318,0,0,0,0,23547.34545454545,0.2839117863747425,463513.3670493171,0.7916666666666666,0.38263544991648435,High,"(0.229, 0.35]",Medium,Low Risk
747,61552,384346.59,72,7.6,6664.02,Education,Online,36,Male,Married,0,High School,Employed,Finance,1,Salary,396952.24,32948.51,58,716,0.47,2,0,0,2,0,0.202,0.968,0.347,0,0,0,0,12298.786521739128,0.3732615908928274,143451.7647215161,0.75,0.14959280543669695,Medium,"(0.229, 0.35]",Low,Low Risk
748,39182,264278.37,60,8.15,5377.6,Personal,Agent,34,Female,Married,2,Bachelors,Employed,Services,12,Salary,537472.73,45154.44,96,723,0.11,3,0,0,1,0,0.119,0.492,0.169,0,0,0,0,12404.404782608695,0.2747045490556331,231192.0351594657,0.875,0.2662795598007031,Low,"(0.152, 0.229]",Medium,Low Risk
749,114461,140716.49,36,13.56,4779.34,Education,Online,32,Male,Single,0,High School,Employed,Retail,8,Salary,895033.16,73797.2,81,518,0.71,3,1,2,1,31,0.065,0.157,0.127,1,0,0,0,2901.7607142857146,0.0393202099005899,517510.4281778283,0.0,0.7582138969283085,Low,"(0.013999999999999999, 0.152]",High,Behavioral Risk
750,16017,220035.35,48,11.33,5722.26,Car,Online,24,Male,Married,3,Masters,Employed,Services,0,Salary,453747.1,37422.47,74,638,0.32,1,0,0,0,0,0.153,0.485,0.169,0,0,0,0,1841.5377777777776,0.0492080979603916,263949.7001651457,0.0,0.7693745404891621,Low,"(0.152, 0.229]",High,Behavioral Risk
751,118345,263226.12,84,7.72,4066.08,Car,Agent,40,Female,Married,4,High School,Self-Employed,Construction,15,Business,1119946.17,95110.17,89,760,0.37,2,0,0,1,0,0.043,0.235,0.082,0,0,0,0,27848.936666666665,0.2928040593619725,468066.968483483,0.9583333333333334,0.21440559319603084,Low,"(0.013999999999999999, 0.152]",Low,Low Risk
752,178996,357828.18,36,14.28,12278.44,Business,Agent,57,Female,Divorced,1,High School,Employed,Finance,1,Salary,714550.53,57098.01,62,525,0.39,4,1,0,2,81,0.215,0.501,0.305,1,0,0,1,21873.76869565217,0.3830849027969517,265468.833864552,0.9166666666666666,0.18665453607507232,Medium,"(0.229, 0.35]",Low,Credit Risk
753,109392,402328.02,24,6.8,17976.81,Medical,Mobile App,35,Female,Married,1,High School,Self-Employed,Services,3,Business,855521.19,71289.4,53,801,0.43,2,0,0,1,0,0.252,0.47,0.302,0,0,0,0,18164.22476190476,0.2547920163430807,375827.8882498021,0.75,0.3148266172748852,Medium,"(0.229, 0.35]",Medium,Low Risk
754,113150,357486.82,72,6.91,6079.36,Business,Mobile App,47,Female,Single,0,Bachelors,Employed,IT,12,Salary,792463.39,64180.24,95,783,0.09,2,0,0,1,0,0.095,0.451,0.13,0,0,0,1,2340.2909090909093,0.0364637845746032,447090.29381593416,0.0,0.7475929035514544,Medium,"(0.013999999999999999, 0.152]",High,Low Risk
755,55560,370701.12,36,9.37,11852.14,Business,Online,24,Female,Married,4,High School,Employed,Education,0,Salary,405421.1,33767.75,64,667,0.32,3,0,0,2,0,0.351,0.914,0.485,0,0,0,0,1983.7111111111112,0.058743989964423,208375.21886464825,0.0,0.5839072587461516,Medium,"(0.35, 2.5]",Medium,Low Risk
756,99455,452715.08,60,9.61,9532.21,Car,Mobile App,18,Male,Single,0,High School,Employed,Manufacturing,0,Salary,815870.09,64896.03,60,668,0.18,2,0,0,1,0,0.147,0.555,0.187,0,0,0,0,2523.113333333333,0.0388787180759016,435418.1585340825,0.0,0.6935489186856975,Medium,"(0.152, 0.229]",High,Low Risk
757,154995,278496.15,48,10.79,7169.51,Business,Mobile App,48,Female,Married,2,High School,Employed,Manufacturing,5,Salary,855948.22,72152.7,69,660,0.35,4,0,0,1,0,0.099,0.325,0.145,0,0,0,0,24908.30043478261,0.3452116860920869,317577.6405589918,0.9166666666666666,0.12419408876618658,Low,"(0.013999999999999999, 0.152]",Low,Low Risk
758,100176,97330.36,120,8.86,1225.58,Business,Mobile App,31,Male,Single,0,High School,Unemployed,Unemployed,0,No Income,219982.97,17816.19,48,751,0.21,0,0,0,2,0,0.069,0.442,0.304,0,1,0,0,5795.198333333334,0.3252588277575383,82576.7669803399,0.9166666666666666,0.16876808956575085,Low,"(0.229, 0.35]",Low,Low Risk
759,3902,204611.44,48,7.03,4902.52,Home,Online,36,Male,Single,0,Bachelors,Employed,IT,2,Salary,900774.49,76489.73,59,784,0.7,1,0,0,1,0,0.064,0.227,0.125,0,0,0,0,29368.45761904762,0.3839479322402547,315698.8315637076,0.75,0.10411201368334429,Low,"(0.013999999999999999, 0.152]",Low,Low Risk
760,89188,53629.54,24,12.97,2548.89,Car,Agent,51,Female,Single,0,High School,Unemployed,Unemployed,0,No Income,193129.94,15813.19,36,628,0.22,0,0,1,2,0,0.161,0.278,0.425,0,1,0,1,749.7575,0.0474104269646437,106786.83119551543,0.0,0.7049339268868957,Low,"(0.35, 2.5]",High,Low Risk
761,177726,1342858.62,48,10.11,34129.35,Car,Online,46,Female,Married,2,High School,Self-Employed,Healthcare,25,Freelance,1189469.93,97553.19,100,708,0.22,3,1,0,1,20,0.35,1.129,0.381,1,0,1,0,34931.27052631579,0.3580704275881516,460110.1283915271,0.7083333333333334,0.23006029147947413,Very High,"(0.35, 2.5]",Low,Low Risk
762,142142,1660169.93,72,10.18,30906.95,Car,Online,18,Non-Binary,Single,0,Bachelors,Employed,Education,0,Salary,1516779.62,120434.24,60,649,0.32,1,0,1,0,0,0.257,1.095,0.273,0,0,1,0,37591.81050000001,0.31213298117727,651995.2499936896,0.7916666666666666,0.35259184379389014,Very High,"(0.229, 0.35]",Medium,Low Risk
763,70619,2437211.87,240,5.24,16409.4,Personal,Online,18,Male,Single,0,Bachelors,Self-Employed,Healthcare,0,Business,1361769.32,114488.5,55,793,0.77,0,0,0,0,0,0.143,1.79,0.182,0,0,1,0,29815.782272727272,0.2604237268284626,621694.2106775282,0.7916666666666666,0.3428883401609637,Very High,"(0.152, 0.229]",Medium,High Exposure
764,150996,608377.06,36,8.61,19235.99,Education,Agent,36,Male,Divorced,0,High School,Employed,Services,0,Salary,401061.5,33400.68,67,762,0.18,4,1,0,0,62,0.576,1.517,0.585,1,0,1,1,1791.41125,0.0536323696891892,217583.9096653417,0.0,0.6557499434530427,High,"(0.35, 2.5]",High,High Exposure
765,135875,1933201.05,48,8.01,47204.16,Business,Branch,58,Male,Single,0,Bachelors,Self-Employed,Construction,14,Business,726631.56,60424.0,79,706,0.44,0,0,0,1,0,0.781,2.66,0.836,1,0,1,0,2249.1311111111117,0.0372218636509906,400590.05333410297,0.0,0.6761264505221087,Very High,"(0.35, 2.5]",High,Financial Stress
766,46528,453514.36,48,7.61,10988.78,Home,Agent,57,Male,Married,1,Bachelors,Self-Employed,Manufacturing,18,Freelance,1021493.82,86189.07,86,746,0.18,5,0,0,3,0,0.127,0.444,0.206,0,0,0,0,29318.5785,0.3401619061221321,429773.81669802143,0.7916666666666666,0.26876029932221307,Medium,"(0.152, 0.229]",Medium,Low Risk
767,121588,64911.06,36,8.13,2037.97,Car,Online,38,Female,Married,1,Masters,Unemployed,Unemployed,0,No Income,180723.75,15043.83,57,748,0.45,0,0,0,2,0,0.135,0.359,0.424,0,1,0,0,3892.3465217391295,0.2587165505850933,79258.6338908758,0.9166666666666666,0.2866648783785251,Low,"(0.35, 2.5]",Medium,Low Risk
768,152048,98416.46,24,12.34,4648.45,Education,Online,40,Male,Single,0,Bachelors,Employed,Retail,10,Salary,246600.81,20351.45,78,639,0.23,0,0,0,2,0,0.228,0.399,0.436,0,1,0,1,7060.574545454546,0.3469152139155013,91379.31369794064,0.7916666666666666,0.16475675405100376,Low,"(0.35, 2.5]",Low,Low Risk
769,59528,938962.41,36,8.68,29719.11,Education,Mobile App,36,Male,Married,1,High School,Employed,Construction,12,Salary,1408728.73,113188.8,99,728,0.1,1,0,0,0,0,0.263,0.667,0.268,0,0,0,0,11068.681666666664,0.0977886847283647,783989.8078442485,0.0,0.754803308681124,Very High,"(0.229, 0.35]",High,Behavioral Risk
770,41794,164040.74,48,10.45,4196.04,Business,Branch,38,Female,Single,0,High School,Employed,Construction,17,Salary,381813.48,31223.84,100,622,0.47,1,0,3,2,0,0.134,0.43,0.286,0,0,0,0,8699.964761904763,0.2786231974897153,167183.6007326845,0.75,0.338462664302353,Low,"(0.229, 0.35]",Medium,Low Risk
771,107299,570417.73,72,11.23,10924.69,Car,Branch,34,Female,Single,0,High School,Employed,Healthcare,7,Salary,736305.14,59216.05,75,623,0.78,0,0,3,0,0,0.184,0.775,0.223,0,0,0,0,20318.20571428572,0.3431141151794241,267593.83384077303,0.75,0.17706362485653024,High,"(0.152, 0.229]",Low,Low Risk
772,63541,277468.75,72,5.84,4577.53,Home,Online,18,Male,Single,0,Bachelors,Employed,Construction,0,Salary,665445.42,55844.04,65,837,0.11,4,0,0,2,0,0.082,0.417,0.159,0,0,0,0,22227.115,0.3980141298134982,242056.0507483496,0.8333333333333334,0.13761999671979938,Low,"(0.152, 0.229]",Low,Low Risk
773,30896,208774.14,36,11.02,6836.98,Home,Branch,33,Female,Married,0,High School,Employed,Education,5,Salary,718612.97,58264.0,84,652,0.39,2,0,0,0,0,0.117,0.291,0.137,0,0,0,0,18550.410526315787,0.3183799970190644,288527.8007628715,0.75,0.2629760898001773,Low,"(0.013999999999999999, 0.152]",Medium,Low Risk
774,146853,408368.11,24,5.0,17915.68,Home,Online,40,Male,Married,2,Bachelors,Self-Employed,Education,8,Freelance,380360.42,32229.41,80,827,0.29,6,0,1,2,0,0.556,1.074,0.694,1,0,1,0,9556.601818181818,0.2965088504360266,169655.02561768613,0.8333333333333334,0.30959319325690055,Medium,"(0.35, 2.5]",Medium,Low Risk
775,125483,542928.35,72,7.94,9503.4,Personal,Online,56,Male,Married,0,Bachelors,Employed,IT,31,Salary,1679060.78,141124.12,100,749,0.22,2,0,0,2,0,0.067,0.323,0.107,0,0,0,0,50304.94826086957,0.3564563719121696,650521.638263028,0.7916666666666666,0.19268346005685943,High,"(0.013999999999999999, 0.152]",Low,Low Risk
776,43998,843863.23,240,6.94,6512.11,Business,Mobile App,52,Female,Married,0,High School,Employed,Retail,20,Salary,1504226.54,124539.29,100,800,0.41,0,0,0,1,0,0.052,0.561,0.089,0,0,0,0,39200.90947368421,0.3147648802944349,639408.1758251409,0.75,0.30084165441891686,High,"(0.013999999999999999, 0.152]",Medium,Low Risk
777,6417,694348.83,84,7.12,10520.36,Personal,Branch,22,Male,Married,1,Bachelors,Employed,IT,0,Salary,621836.2,50397.77,65,760,0.27,2,0,0,6,0,0.209,1.117,0.46,0,0,1,1,16085.24,0.3191593763101758,246180.45930492925,0.7916666666666666,0.2417372881018098,High,"(0.35, 2.5]",Low,Low Risk
778,82542,1779213.27,240,6.41,13171.23,Business,Branch,41,Male,Widowed,0,High School,Employed,Construction,1,Salary,3503603.65,289197.83,60,771,0.44,2,0,0,0,0,0.046,0.508,0.068,0,0,0,0,90199.305,0.3118937410638902,1453305.332144546,0.75,0.2769252657504602,Very High,"(0.013999999999999999, 0.152]",Medium,Low Risk
779,24161,648815.39,12,13.92,58230.84,Home,Branch,40,Female,Married,0,Bachelors,Employed,Healthcare,17,Salary,722625.64,58876.35,99,580,0.6,2,1,0,1,38,0.989,0.898,1.053,1,0,0,1,2769.2000000000003,0.0470333668210271,433899.4163657193,0.0,0.8362152817680949,High,"(0.35, 2.5]",High,Behavioral Risk
780,54358,227796.2,36,10.19,7370.68,Home,Agent,43,Female,Divorced,0,Bachelors,Unemployed,Unemployed,0,No Income,222229.84,18567.5,41,660,0.27,2,0,0,0,0,0.397,1.025,0.41,0,1,1,0,767.5518181818181,0.0413362316924801,130285.2530916742,0.0,0.7595720675145189,Low,"(0.35, 2.5]",High,Behavioral Risk
781,177821,1231977.31,72,9.01,22213.17,Home,Online,49,Male,Married,1,Bachelors,Employed,Retail,28,Salary,1472953.08,122608.81,100,645,0.57,2,0,2,3,0,0.181,0.836,0.259,0,0,0,0,36662.18227272728,0.2990150810341136,599078.1516675719,0.9166666666666666,0.21559356722480236,Very High,"(0.229, 0.35]",Low,Low Risk
782,143763,534431.07,12,9.19,46783.89,Business,Online,32,Male,Widowed,0,Bachelors,Employed,Retail,10,Salary,711931.65,57142.43,86,665,0.21,3,0,0,0,0,0.819,0.751,0.829,1,0,0,0,16489.615,0.2885653696321694,290310.3141498033,0.75,0.2826971188370597,High,"(0.35, 2.5]",Medium,Financial Stress
783,118423,1327966.55,36,6.18,40507.71,Business,Online,45,Male,Married,1,High School,Employed,Finance,2,Salary,1276910.58,106584.69,63,819,0.4,1,0,0,3,0,0.38,1.04,0.456,0,0,1,0,38751.50611111111,0.3635713772750461,541909.3765485137,0.6666666666666666,0.3168866343726287,Very High,"(0.35, 2.5]",Medium,Low Risk
784,77414,601875.48,48,11.62,15737.63,Medical,Branch,41,Male,Single,0,Masters,Self-Employed,Manufacturing,2,Business,569261.68,47206.1,56,617,0.52,4,0,0,0,0,0.333,1.057,0.359,0,0,1,0,2792.1041666666665,0.0591458523541303,315745.938033661,0.0,0.6942894315889682,High,"(0.35, 2.5]",High,Low Risk
785,149544,246753.81,60,7.86,4986.76,Car,Mobile App,42,Female,Married,3,High School,Employed,Finance,14,Salary,757741.96,63416.18,80,688,0.29,1,0,0,0,0,0.079,0.326,0.093,0,0,0,0,3985.7255555555553,0.0628493029105922,410123.580844668,0.0,0.6480782097554716,Low,"(0.013999999999999999, 0.152]",Medium,Low Risk
786,5108,500629.58,72,12.44,9902.33,Personal,Agent,38,Female,Single,1,Bachelors,Employed,Healthcare,15,Salary,611812.08,49619.75,88,571,0.34,4,1,1,0,26,0.2,0.818,0.217,1,0,0,0,2515.171176470588,0.0506878911840427,331869.270018752,0.0,0.6920404447249882,Medium,"(0.152, 0.229]",High,Credit Risk
787,12545,356261.35,72,15.11,7554.45,Car,Agent,30,Female,Married,2,Bachelors,Employed,Services,4,Salary,812935.63,67173.49,67,553,0.4,5,2,1,1,76,0.112,0.438,0.162,1,0,0,1,2502.956363636364,0.0372605190398373,485264.75935047696,0.0,0.802712266154374,Medium,"(0.152, 0.229]",High,Behavioral Risk
788,47482,672934.18,36,6.35,20578.85,Home,Mobile App,18,Male,Single,0,Masters,Employed,Healthcare,0,Salary,628056.13,50442.52,80,803,0.26,3,0,0,2,0,0.408,1.071,0.5,0,0,1,1,17525.818095238094,0.3474344791013413,236637.81341629816,0.7083333333333334,0.22195212865943795,High,"(0.35, 2.5]",Low,Low Risk
789,157347,1158484.9,60,7.79,23373.64,Personal,Online,30,Female,Married,2,High School,Self-Employed,IT,2,Business,807765.99,64292.85,62,732,0.31,0,0,0,2,0,0.364,1.434,0.441,0,0,1,0,15904.088095238094,0.2473656204324067,334844.4132745194,0.75,0.2993521997147025,Very High,"(0.35, 2.5]",Medium,High Exposure
790,66944,147986.82,60,6.52,2896.92,Home,Branch,45,Female,Widowed,1,High School,Unemployed,Unemployed,0,No Income,169117.31,14208.22,62,796,0.19,2,0,0,1,0,0.204,0.875,0.354,0,1,0,0,5270.456666666666,0.3709180846426944,61990.42610496058,0.875,0.1296170944741098,Low,"(0.35, 2.5]",Low,Low Risk
791,126152,1338246.24,72,6.35,22400.37,Car,Online,40,Male,Married,1,Bachelors,Employed,Education,14,Salary,1190558.07,99159.77,100,812,0.38,0,0,0,0,0,0.226,1.124,0.245,0,0,1,0,5187.463846153846,0.0523136704782934,654802.6046435675,0.0,0.6744255748589024,Very High,"(0.229, 0.35]",High,Low Risk
792,4084,429208.07,240,6.74,3260.99,Personal,Online,18,Male,Single,0,Bachelors,Employed,Manufacturing,0,Salary,951515.73,78712.31,60,744,0.28,0,0,0,0,0,0.041,0.451,0.055,0,0,0,0,26505.058500000003,0.3367290550988137,403005.5353121555,0.7916666666666666,0.2963255951253194,Medium,"(0.013999999999999999, 0.152]",Medium,Low Risk
793,136963,354934.38,24,9.57,16308.07,Business,Branch,20,Male,Single,0,High School,Employed,IT,0,Salary,616110.55,51668.96,42,668,0.38,0,0,0,4,0,0.316,0.576,0.489,0,0,0,1,18203.8135,0.3523094173093999,254870.339212484,0.8333333333333334,0.25333317946341216,Medium,"(0.35, 2.5]",Low,Low Risk
794,60061,1455023.54,48,5.63,33924.99,Car,Mobile App,61,Female,Married,2,High School,Self-Employed,Healthcare,40,Business,1038918.67,86673.13,100,824,0.32,1,0,0,2,0,0.391,1.401,0.454,0,0,1,0,25633.60210526316,0.2957468636288954,462522.629754244,0.75,0.3390381409732488,Very High,"(0.35, 2.5]",Medium,High Exposure
795,29292,1074905.64,48,7.18,25829.81,Car,Agent,30,Female,Divorced,0,Bachelors,Employed,Finance,6,Salary,904407.36,73264.13,68,776,0.18,5,0,0,0,0,0.353,1.189,0.362,0,0,1,0,29408.78857142857,0.4014022574098833,324628.8633673056,0.7916666666666666,0.16612369589363812,Very High,"(0.35, 2.5]",Low,Low Risk
796,19504,672995.45,36,5.0,20170.28,Business,Agent,46,Female,Single,1,High School,Employed,Manufacturing,11,Salary,592807.44,48021.91,79,816,0.08,3,0,0,1,0,0.42,1.135,0.466,0,0,1,1,2026.485,0.042198296604683,326246.8243852108,0.0,0.712326596677307,High,"(0.35, 2.5]",High,Low Risk
797,115570,806067.42,360,15.11,10263.21,Business,Branch,50,Female,Divorced,0,Bachelors,Self-Employed,IT,4,Freelance,1295550.77,109467.51,60,590,0.64,3,3,0,2,189,0.094,0.622,0.162,1,0,0,1,35450.37130434783,0.3238408132562307,519239.68064975966,0.875,0.19863220215491553,High,"(0.152, 0.229]",Low,Low Risk
798,75294,249310.5,48,12.9,6676.01,Personal,Online,41,Male,Married,2,Masters,Employed,IT,19,Salary,793134.79,65980.13,100,548,0.45,1,0,2,3,0,0.101,0.314,0.215,1,0,0,0,19815.032916666667,0.3003136338626917,303497.2316835109,0.9166666666666666,0.1549596595159977,Low,"(0.152, 0.229]",Low,Credit Risk
799,152516,519984.52,12,10.24,45772.96,Home,Mobile App,56,Male,Married,1,High School,Employed,Services,23,Salary,841553.05,69324.42,100,664,0.52,1,0,0,0,0,0.66,0.618,0.686,1,0,0,0,3000.1583333333333,0.0432764537644825,454749.38778729225,0.0,0.6627870443295337,High,"(0.35, 2.5]",High,Financial Stress
800,36108,287602.17,120,11.23,3999.26,Car,Branch,47,Female,Married,0,PhD,Employed,Healthcare,11,Salary,354570.16,30024.11,100,605,0.49,0,0,0,1,0,0.133,0.811,0.224,0,0,0,0,13684.425263157897,0.4557660326026414,140541.25309198693,0.6666666666666666,0.2545282345987425,Low,"(0.152, 0.229]",Low,Low Risk
801,52825,179975.54,60,9.89,3814.21,Home,Branch,33,Male,Married,3,Bachelors,Unemployed,Unemployed,0,No Income,189246.55,15442.29,55,721,0.4,3,0,0,1,0,0.247,0.951,0.397,0,1,0,0,1115.325,0.0722206861361795,101086.93972764153,0.0,0.6672133107349929,Low,"(0.35, 2.5]",High,Low Risk
802,156407,1029151.85,36,8.32,32402.02,Home,Mobile App,37,Male,Married,1,Bachelors,Employed,Services,15,Salary,952622.46,80103.21,93,714,0.59,2,0,0,1,0,0.405,1.08,0.459,0,0,1,1,3668.559333333333,0.0457973349132752,537291.9768063299,0.0,0.6949001140293434,Very High,"(0.35, 2.5]",High,Low Risk
803,75095,613752.06,12,9.92,53935.72,Personal,Online,36,Male,Single,0,Bachelors,Employed,Healthcare,4,Salary,893627.02,75981.58,88,704,0.38,1,0,0,0,0,0.71,0.687,0.729,1,0,0,0,4498.696363636364,0.0592069440605512,516738.7939629032,0.0,0.7182033906356672,High,"(0.35, 2.5]",High,Financial Stress
804,96417,508805.15,48,10.95,13137.98,Medical,Online,61,Male,Single,1,PhD,Employed,Finance,11,Salary,838254.19,67445.23,100,628,0.34,1,0,1,1,0,0.195,0.607,0.241,0,0,0,0,24087.223636363637,0.3571322464778778,311576.16039829014,0.8333333333333334,0.1879054815796583,Medium,"(0.229, 0.35]",Low,Low Risk
805,139737,949361.56,72,7.11,16235.86,Personal,Mobile App,34,Male,Married,1,Bachelors,Employed,Education,5,Salary,656873.15,52600.13,68,743,0.15,1,0,0,0,0,0.309,1.445,0.316,0,0,1,0,2877.1922222222224,0.054698296827886,343782.0409997472,0.0,0.6605962445318785,Very High,"(0.229, 0.35]",High,High Exposure
806,47746,483025.67,24,13.43,23061.6,Car,Agent,39,Female,Single,0,High School,Employed,IT,4,Salary,479691.82,39703.96,66,560,0.26,2,1,1,1,33,0.581,1.007,0.644,1,0,1,1,1535.842666666667,0.0386813805294519,293986.18714459,0.0,0.8414748202297796,Medium,"(0.35, 2.5]",High,Behavioral Risk
807,73036,253703.34,72,12.41,5014.21,Home,Mobile App,32,Female,Married,1,Bachelors,Employed,Construction,0,Salary,657780.93,54503.89,68,526,0.49,0,0,0,1,0,0.092,0.386,0.153,1,0,0,0,19784.22,0.3629806426542645,259302.99828471124,0.875,0.21164646175974744,Low,"(0.152, 0.229]",Low,Credit Risk
808,153850,314910.53,72,8.38,5580.02,Home,Online,31,Female,Married,1,Bachelors,Self-Employed,Manufacturing,10,Business,564091.44,44818.9,75,815,0.42,4,2,0,1,34,0.125,0.558,0.19,1,0,0,1,2296.974,0.0512489764591174,310935.09608070727,0.0,0.7452754812916731,Medium,"(0.152, 0.229]",High,Low Risk
809,24274,1205850.01,72,9.74,22181.6,Car,Branch,23,Male,Married,2,High School,Employed,Education,0,Salary,645549.59,54702.88,78,676,0.8,1,0,0,1,0,0.405,1.868,0.482,0,0,1,0,2666.270769230769,0.0487400668696767,360410.3324398676,0.0,0.6703060296902155,Very High,"(0.35, 2.5]",High,High Exposure
810,105533,357292.51,360,8.9,2849.19,Car,Mobile App,34,Female,Single,0,Bachelors,Employed,Healthcare,13,Salary,509659.04,41268.2,94,724,0.24,0,0,0,2,0,0.069,0.701,0.178,0,0,0,0,12816.575,0.3105602967830731,208728.6722496897,0.7916666666666666,0.27639728548324816,Medium,"(0.152, 0.229]",Medium,Low Risk
811,66507,1120454.42,36,7.04,34616.87,Personal,Mobile App,47,Male,Married,1,Bachelors,Employed,Finance,20,Salary,1665058.91,139508.49,100,793,0.3,2,0,0,2,0,0.248,0.673,0.292,0,0,0,0,6305.631666666667,0.0451985858930934,936038.5921108172,0.0,0.6951911398204427,Very High,"(0.229, 0.35]",High,Low Risk
812,116939,334050.54,240,11.58,3580.85,Education,Online,46,Female,Widowed,1,Bachelors,Employed,Services,3,Salary,846851.84,70024.75,65,606,0.25,1,0,2,2,0,0.051,0.394,0.121,0,0,0,1,3114.0620000000004,0.0444702413040917,476552.7313737269,0.0,0.7154255553590386,Medium,"(0.013999999999999999, 0.152]",High,Low Risk
813,28265,1768931.79,24,7.74,79794.39,Car,Branch,29,Female,Married,0,PhD,Employed,Construction,4,Salary,1053084.29,87207.58,73,711,0.15,1,0,0,2,0,0.915,1.68,0.968,1,0,1,1,2864.935625,0.0328515339316383,617426.0281198203,0.0,0.770907048203122,Very High,"(0.35, 2.5]",High,Behavioral Risk
814,163319,543415.86,60,9.31,11362.35,Personal,Branch,37,Male,Single,0,High School,Employed,Construction,9,Salary,784474.41,62801.25,72,698,0.29,0,0,0,1,0,0.181,0.693,0.227,0,0,0,1,1862.9644444444448,0.0296639761225823,434457.7431882011,0.0,0.7355934673205909,High,"(0.152, 0.229]",High,Low Risk
815,67851,339796.44,60,7.63,6829.83,Home,Online,58,Male,Married,1,Bachelors,Employed,Retail,22,Salary,671368.97,54447.99,100,733,0.42,1,0,0,2,0,0.125,0.506,0.22,0,0,0,0,13564.563043478262,0.2491242361608225,281788.5099765761,0.875,0.2715315478789064,Medium,"(0.152, 0.229]",Medium,Low Risk
816,84926,338827.69,120,10.64,4598.57,Business,Branch,18,Male,Single,0,High School,Self-Employed,IT,0,Business,251672.52,20667.36,48,649,0.14,2,0,0,0,0,0.223,1.346,0.23,0,1,1,0,7881.461428571429,0.3813297924253027,95011.90390262462,0.875,0.1821674629001311,Medium,"(0.229, 0.35]",Low,High Exposure
817,160540,397305.79,72,6.37,6654.12,Home,Online,43,Female,Widowed,1,High School,Employed,Finance,10,Salary,744064.43,59108.35,96,743,0.29,0,0,0,2,0,0.113,0.534,0.195,0,0,0,0,4286.844444444444,0.0725239652346785,379086.874801808,0.0,0.6391026685289167,Medium,"(0.152, 0.229]",Medium,Low Risk
818,45020,1149138.67,360,16.46,15880.08,Education,Online,42,Female,Married,3,Bachelors,Self-Employed,Finance,12,Freelance,825908.13,66193.51,78,451,0.35,2,1,1,2,43,0.24,1.391,0.318,1,0,1,0,20571.504500000003,0.3107735747269676,345118.1595574578,0.7916666666666666,0.3096635112208983,Very High,"(0.229, 0.35]",Medium,Credit Risk
819,126654,467706.04,60,15.96,11363.76,Education,Online,25,Female,Married,1,Bachelors,Employed,Services,4,Salary,714604.92,57642.2,68,496,0.67,3,1,1,1,63,0.197,0.654,0.265,1,0,0,0,4067.178571428572,0.0705578207217602,382503.25348097546,0.0,0.6859573865143335,Medium,"(0.229, 0.35]",High,Credit Risk
820,137969,1566651.35,24,10.21,72444.95,Home,Online,31,Male,Single,0,Bachelors,Employed,IT,4,Salary,1291529.03,102729.24,56,642,0.21,4,0,0,2,0,0.705,1.213,0.755,1,0,1,1,33368.925,0.3248208609266365,493237.19115725,0.875,0.21123488747596214,Very High,"(0.35, 2.5]",Low,Financial Stress
821,21560,894373.33,72,9.21,16214.93,Home,Online,38,Female,Single,1,Bachelors,Employed,Construction,5,Salary,1047425.62,85470.69,76,664,0.21,0,0,0,2,0,0.19,0.854,0.247,0,0,0,0,30157.695652173912,0.3528384152948644,408079.2435466877,0.9583333333333334,0.19848079956800282,Very High,"(0.229, 0.35]",Low,Low Risk
822,27947,1118631.27,72,13.91,22996.35,Business,Online,20,Female,Single,0,Bachelors,Employed,Manufacturing,0,Salary,1074423.02,91184.83,75,532,0.58,2,1,1,2,36,0.252,1.041,0.325,1,0,1,1,4524.465384615385,0.0496180753590265,610567.8505271852,0.0,0.6934170903287875,Very High,"(0.229, 0.35]",High,Credit Risk
823,49966,351410.06,48,7.21,8449.23,Business,Online,42,Male,Married,2,High School,Employed,IT,1,Salary,625280.78,50800.67,75,759,0.63,1,0,0,2,0,0.166,0.562,0.277,0,0,0,0,2624.05,0.0516528295231239,342248.835457021,0.0,0.7026885175167886,Medium,"(0.229, 0.35]",High,Low Risk
824,156036,1069631.16,24,9.9,49308.7,Personal,Branch,53,Male,Divorced,0,Bachelors,Employed,IT,25,Salary,1338889.8,109466.34,100,628,0.39,2,0,1,2,0,0.45,0.799,0.506,0,0,0,0,31062.31909090909,0.2837587822167698,595931.4384865358,0.7916666666666666,0.351785313531741,Very High,"(0.35, 2.5]",Medium,Low Risk
825,54064,102117.98,84,13.57,1889.52,Home,Mobile App,25,Male,Married,1,High School,Unemployed,Unemployed,0,No Income,160158.98,13380.19,54,566,0.33,0,0,2,2,0,0.141,0.638,0.457,1,1,0,0,5101.159130434783,0.3812186457583206,62543.88575727941,0.9166666666666666,0.19144660362184973,Low,"(0.35, 2.5]",Low,Credit Risk
826,179487,347562.25,360,9.52,2927.56,Car,Branch,48,Male,Divorced,0,Masters,Employed,Construction,13,Salary,1288930.09,109147.01,98,669,0.18,1,0,0,4,0,0.027,0.27,0.109,0,0,0,1,41496.8125,0.3801884477783883,533928.7828248204,0.8333333333333334,0.2517534652225677,Medium,"(0.013999999999999999, 0.152]",Low,Low Risk
827,43668,608204.96,60,11.45,13360.75,Personal,Mobile App,49,Female,Widowed,1,Bachelors,Employed,IT,0,Salary,584740.25,47533.68,48,620,0.44,1,0,1,1,0,0.281,1.04,0.345,0,0,1,0,10472.635833333332,0.2203156902146671,259018.39567866668,0.9166666666666666,0.3153690721567538,High,"(0.229, 0.35]",Medium,Low Risk
828,133678,380216.62,72,15.81,8207.88,Car,Agent,57,Female,Married,0,Bachelors,Employed,Manufacturing,23,Salary,730564.37,61011.95,100,502,0.51,4,2,0,1,156,0.135,0.52,0.193,1,0,0,1,2716.5,0.044523334800235,401233.1229425157,0.0,0.6666324882267493,Medium,"(0.152, 0.229]",High,Credit Risk
829,42679,648999.99,36,10.66,21143.08,Car,Mobile App,32,Male,Married,1,High School,Employed,Healthcare,2,Salary,776798.92,64150.67,61,616,0.24,3,0,2,1,0,0.33,0.835,0.373,0,0,0,0,3563.5423076923075,0.0555487068020568,437599.53613448417,0.0,0.7216497014949915,High,"(0.35, 2.5]",High,Low Risk
830,37001,820426.34,48,6.77,19558.7,Personal,Online,23,Male,Married,1,Bachelors,Employed,Construction,2,Salary,1824811.29,153376.92,54,728,0.32,3,0,0,2,0,0.128,0.45,0.17,0,0,0,0,37514.63809523809,0.244589560839253,878191.0726590821,0.8333333333333334,0.39467525464476444,High,"(0.152, 0.229]",Medium,Low Risk
831,104646,325607.01,60,11.29,7126.67,Home,Mobile App,18,Female,Single,0,Bachelors,Employed,Construction,0,Salary,1013448.37,85003.67,54,613,0.74,2,0,2,0,0,0.084,0.321,0.121,0,0,0,0,5865.059090909091,0.0689969044160643,610724.2799925087,0.0,0.8024431830338367,Medium,"(0.013999999999999999, 0.152]",High,Behavioral Risk
832,45645,244859.15,24,10.18,11319.36,Car,Branch,45,Female,Single,0,Masters,Unemployed,Unemployed,0,No Income,262582.34,21340.7,44,644,0.44,1,0,2,0,0,0.53,0.933,0.552,0,1,0,0,9564.45117647059,0.4481578869757605,105932.01063220864,0.625,0.3199090530528909,Low,"(0.35, 2.5]",Medium,Low Risk
833,94798,1116804.45,36,7.5,34739.56,Home,Mobile App,28,Male,Married,0,Bachelors,Employed,Healthcare,5,Salary,741222.23,61247.05,82,725,0.19,3,0,0,0,0,0.567,1.507,0.577,0,0,1,0,18656.084736842105,0.304598835993017,299448.3857116513,0.6666666666666666,0.2602602523685117,Very High,"(0.35, 2.5]",Medium,High Exposure
834,81801,837849.29,240,10.77,8517.42,Car,Branch,29,Female,Married,2,Bachelors,Employed,Education,7,Salary,1352340.17,111694.85,89,659,0.45,2,1,0,1,53,0.076,0.62,0.117,1,0,0,0,40487.89173913044,0.3624834023746668,493276.2482827353,0.875,0.13886603834177985,High,"(0.013999999999999999, 0.152]",Low,Low Risk
835,97300,186194.81,60,8.98,3863.29,Personal,Mobile App,45,Male,Married,1,Bachelors,Employed,Construction,8,Salary,541974.67,43861.21,88,703,0.18,3,0,0,0,0,0.088,0.344,0.097,0,0,0,0,1803.696,0.0411218677763842,277916.54177518067,0.0,0.6146414551877437,Low,"(0.013999999999999999, 0.152]",Medium,Low Risk
836,76148,44245.3,240,8.62,387.34,Home,Mobile App,32,Male,Married,3,High School,Unemployed,Unemployed,0,No Income,128875.13,10934.12,44,786,0.14,1,1,0,1,88,0.035,0.343,0.225,1,1,0,0,3186.671,0.29141618930565,57591.63900896384,0.75,0.32309493337588535,Low,"(0.152, 0.229]",Medium,Low Risk
837,132010,568826.09,48,6.41,13466.08,Medical,Online,50,Female,Single,0,Bachelors,Employed,Construction,10,Salary,1376312.31,112362.34,91,794,0.19,2,0,0,2,0,0.12,0.413,0.165,0,0,0,0,27210.52652173913,0.2421655187691922,615843.5347442972,0.8333333333333334,0.34191681591712475,High,"(0.152, 0.229]",Medium,Low Risk
838,49602,1106533.46,48,9.04,27557.15,Car,Branch,50,Male,Single,0,Masters,Self-Employed,IT,15,Freelance,1469009.38,123779.69,79,686,0.2,3,0,0,4,0,0.223,0.753,0.297,0,0,0,0,33832.469473684214,0.273325907891483,674197.8270034507,0.7916666666666666,0.34971399175570694,Very High,"(0.229, 0.35]",Medium,Low Risk
839,35255,164209.71,12,9.93,14431.3,Car,Mobile App,42,Male,Married,3,High School,Unemployed,Unemployed,0,No Income,200245.82,16120.47,42,698,0.28,2,0,0,0,0,0.895,0.82,0.909,1,1,0,1,5268.130952380952,0.3267773318674384,72771.84909202624,0.875,0.15055226647259454,Low,"(0.35, 2.5]",Low,Financial Stress
840,162439,120092.51,48,5.0,2765.65,Education,Online,48,Male,Married,2,Masters,Employed,Retail,4,Salary,493682.82,39982.4,61,834,0.24,3,0,1,0,0,0.069,0.243,0.081,0,0,0,0,1648.3007142857143,0.0412246260769647,282403.926989355,0.0,0.7694590003960914,Low,"(0.013999999999999999, 0.152]",High,Behavioral Risk
841,108741,643925.04,72,5.85,10626.16,Car,Mobile App,35,Female,Married,2,High School,Employed,Manufacturing,2,Salary,757601.29,60324.09,59,770,0.37,0,0,0,1,0,0.176,0.85,0.228,0,0,0,0,17973.067,0.2979368451833226,333115.00153133844,0.75,0.37913289198147804,High,"(0.152, 0.229]",Medium,Low Risk
842,149188,237362.76,60,16.76,5868.49,Business,Online,45,Female,Widowed,0,Bachelors,Employed,Retail,3,Salary,689238.08,55489.98,70,467,0.38,2,2,1,0,44,0.106,0.344,0.125,1,0,0,1,2210.3463636363635,0.0398325342900118,367431.26960098697,0.0,0.6750724804997641,Low,"(0.013999999999999999, 0.152]",High,Credit Risk
843,131994,608049.06,60,9.44,12752.34,Business,Mobile App,41,Female,Married,0,PhD,Employed,Construction,17,Salary,1459674.91,121150.3,100,697,0.34,3,0,0,1,0,0.105,0.417,0.139,0,0,0,0,45124.78,0.3724663292923806,580094.3733011276,0.7916666666666666,0.23481596826770423,High,"(0.013999999999999999, 0.152]",Low,Low Risk
844,119338,154849.73,60,18.71,3992.22,Personal,Branch,35,Female,Married,1,Bachelors,Unemployed,Unemployed,0,No Income,161091.78,12865.34,43,442,0.36,4,2,0,1,144,0.31,0.961,0.484,1,1,0,1,3116.5304166666665,0.2422235396131818,63770.74293184332,0.7916666666666666,0.23735613854081902,Low,"(0.35, 2.5]",Low,Credit Risk
845,98031,1145091.13,60,7.67,23037.89,Education,Mobile App,30,Male,Divorced,0,Bachelors,Self-Employed,Services,0,Freelance,1241554.12,102884.15,34,749,0.3,3,0,0,1,0,0.224,0.922,0.258,0,0,0,0,36199.50636363636,0.3518438410561326,516810.88187868544,0.8333333333333334,0.2724906772649831,Very High,"(0.229, 0.35]",Medium,Low Risk
846,156714,422430.33,60,11.47,9283.98,Car,Agent,49,Male,Single,0,Bachelors,Employed,Retail,9,Salary,1251641.52,103680.02,78,609,0.59,1,0,2,2,0,0.09,0.338,0.158,0,0,0,0,3889.3690909090906,0.0375128359164395,669085.9409148978,0.0,0.6386732541602202,Medium,"(0.152, 0.229]",Medium,Low Risk
847,3051,378694.43,60,6.77,7457.58,Home,Mobile App,21,Male,Married,1,High School,Employed,Manufacturing,0,Salary,1145193.66,96028.07,70,778,0.08,1,0,0,2,0,0.078,0.331,0.123,0,0,0,0,25782.7315,0.2684888180214595,508360.38971468434,0.7916666666666666,0.3159195308732799,Medium,"(0.013999999999999999, 0.152]",Medium,Low Risk
848,81568,318537.45,60,14.18,7441.57,Home,Branch,52,Female,Married,0,Bachelors,Employed,Manufacturing,1,Salary,847431.18,69650.51,62,565,0.38,3,1,0,1,63,0.107,0.376,0.155,1,0,0,0,4962.43,0.0712465530180178,476452.69854224543,0.0,0.7297485512551491,Medium,"(0.152, 0.229]",High,Credit Risk
849,28923,347829.48,24,6.9,15557.46,Business,Mobile App,26,Male,Single,0,High School,Employed,Healthcare,5,Salary,1229086.71,98329.83,71,778,0.35,1,0,0,0,0,0.158,0.283,0.176,0,0,0,0,28682.323636363635,0.291692072937487,508163.9947683931,0.875,0.28083883625333445,Medium,"(0.152, 0.229]",Medium,Low Risk
850,82540,2049874.34,120,6.62,23401.26,Home,Online,18,Female,Single,0,Bachelors,Employed,Education,0,Salary,850263.22,70843.5,62,798,0.29,0,0,0,2,0,0.33,2.411,0.401,0,0,1,0,19812.454761904763,0.279661155938778,343516.8759271303,0.75,0.231125936358244,Very High,"(0.35, 2.5]",Low,High Exposure
851,128762,401396.02,48,6.44,9507.98,Medical,Agent,42,Female,Married,3,High School,Employed,Manufacturing,20,Salary,557200.97,44361.82,100,801,0.19,2,0,0,0,0,0.214,0.72,0.224,0,0,0,0,2073.3036363636365,0.0467351632823079,295243.6643037924,0.0,0.6840223774396323,Medium,"(0.152, 0.229]",High,Low Risk
852,58972,289001.06,60,9.91,6127.63,Medical,Mobile App,33,Male,Single,0,High School,Employed,Manufacturing,11,Salary,709751.51,58892.59,89,665,0.46,4,0,0,1,0,0.104,0.407,0.161,0,0,0,0,19248.08619047619,0.3268282030434244,287568.78261255124,0.7916666666666666,0.24331397397557944,Low,"(0.152, 0.229]",Low,Low Risk
853,72114,156524.68,60,9.13,3259.08,Education,Online,43,Female,Married,1,High School,Unemployed,Unemployed,0,No Income,119539.92,10000.0,46,737,0.23,2,0,0,1,0,0.326,1.309,0.537,0,1,1,0,2425.3282608695654,0.2425085752294336,55881.867517994186,0.875,0.35765009566005224,Low,"(0.35, 2.5]",Medium,High Exposure
854,113816,896673.84,240,9.45,8328.92,Education,Mobile App,43,Female,Married,2,PhD,Employed,Construction,10,Salary,1761638.2,148632.1,96,666,0.46,3,0,0,1,0,0.056,0.509,0.092,0,0,0,1,6566.063,0.0441763173882533,1060529.9265645042,0.0,0.7855860997748415,Very High,"(0.013999999999999999, 0.152]",High,Behavioral Risk
855,26156,258039.23,360,7.85,1866.49,Home,Mobile App,67,Female,Married,1,High School,Employed,Finance,12,Salary,623756.05,51329.21,94,718,0.58,0,0,0,0,0,0.036,0.414,0.065,0,0,0,0,24665.367777777778,0.4805234145306979,242570.66405954867,0.7083333333333334,0.2633175999681881,Low,"(0.013999999999999999, 0.152]",Medium,Low Risk
856,25354,648318.74,48,7.38,15639.35,Car,Mobile App,43,Female,Single,0,High School,Employed,Finance,12,Salary,1063083.76,86536.47,89,751,0.49,3,0,0,1,0,0.181,0.61,0.228,0,0,0,1,4903.5216666666665,0.0566635662755875,622050.820091829,0.0,0.8000642223721514,High,"(0.152, 0.229]",High,Behavioral Risk
857,38137,92066.75,24,11.78,4324.45,Home,Online,37,Male,Single,0,Masters,Employed,Healthcare,1,Salary,659635.85,55148.31,58,608,0.64,3,0,0,1,0,0.078,0.14,0.147,0,0,0,0,1540.5985714285714,0.0279350470827027,383749.4586877429,0.0,0.7437767916032847,Low,"(0.013999999999999999, 0.152]",High,Low Risk
858,165060,1329795.4,60,9.65,28025.76,Home,Agent,35,Female,Married,6,Bachelors,Self-Employed,Healthcare,5,Business,1473356.34,124621.11,48,678,0.22,2,0,0,4,0,0.225,0.903,0.3,0,0,0,1,7609.144999999999,0.061057744889731,847114.1001263603,0.0,0.7179755047748845,Very High,"(0.229, 0.35]",High,Low Risk
859,59478,1103042.47,72,9.78,20312.62,Personal,Online,53,Male,Married,2,Bachelors,Employed,Manufacturing,13,Salary,1406730.11,115084.02,88,679,0.15,1,0,0,0,0,0.177,0.784,0.184,0,0,0,0,48145.00095238096,0.4183428994701565,530609.3041172704,0.75,0.21581887445914405,Very High,"(0.152, 0.229]",Low,Low Risk
860,42297,814835.34,120,7.52,9680.75,Medical,Branch,27,Male,Widowed,0,Bachelors,Employed,Construction,2,Salary,883603.25,70349.45,78,739,0.14,0,0,0,0,0,0.138,0.922,0.145,0,0,0,0,23329.58695652174,0.3316195839048896,330654.9691215264,0.8333333333333334,0.19852584332882137,High,"(0.013999999999999999, 0.152]",Low,Low Risk
861,132967,830852.13,48,8.48,20471.25,Home,Online,42,Non-Binary,Single,0,Bachelors,Employed,Finance,20,Salary,724640.31,59771.3,100,751,0.33,3,1,0,0,22,0.342,1.147,0.359,1,0,1,0,2747.660909090909,0.0459688000811564,450737.754594584,0.0,0.8724351198691537,High,"(0.35, 2.5]",High,Behavioral Risk
862,34619,507017.43,24,7.69,22859.41,Education,Branch,42,Female,Married,0,Masters,Employed,IT,7,Salary,1216289.72,99188.04,88,771,0.31,4,1,0,0,72,0.23,0.417,0.246,1,0,0,0,24440.603333333333,0.2464042734291342,518542.4676242835,0.9166666666666666,0.27492754991919865,Medium,"(0.229, 0.35]",Medium,Low Risk
863,177121,1460661.28,36,5.53,44125.75,Education,Online,25,Male,Married,1,PhD,Employed,Healthcare,0,Salary,1793729.39,148195.34,83,827,0.07,2,0,0,0,0,0.298,0.814,0.301,0,0,0,0,5283.089166666667,0.0356492553504807,1024163.59646529,0.0,0.7356295549611429,Very High,"(0.229, 0.35]",High,Low Risk
864,41643,357193.66,120,8.92,4509.33,Education,Agent,32,Male,Married,1,High School,Employed,Finance,7,Salary,1364582.64,109177.68,70,682,0.54,2,0,0,2,0,0.041,0.262,0.105,0,0,0,0,35960.464166666665,0.3293725859908424,527249.3673464112,0.875,0.21834954399224996,Medium,"(0.013999999999999999, 0.152]",Low,Low Risk
865,138477,515790.39,36,9.82,16599.55,Home,Mobile App,45,Female,Single,0,Masters,Employed,Healthcare,19,Salary,1110384.85,91878.0,97,663,0.5,2,0,0,0,0,0.181,0.465,0.206,0,0,0,0,28538.254285714283,0.310606931787615,459302.0490068901,0.7916666666666666,0.2638993292913397,Medium,"(0.152, 0.229]",Medium,Low Risk
866,117162,494700.33,48,5.1,11415.02,Car,Online,25,Male,Married,1,Bachelors,Employed,IT,0,Salary,510304.88,40659.15,67,823,0.26,2,0,0,0,0,0.281,0.969,0.294,0,0,0,0,12780.882380952382,0.314334363767777,194362.2258524761,0.7916666666666666,0.21825415205057933,Medium,"(0.229, 0.35]",Low,Low Risk
867,14306,138188.69,24,11.69,6485.03,Home,Online,29,Male,Widowed,0,High School,Employed,Manufacturing,2,Salary,300256.42,24270.01,61,604,0.23,1,0,1,0,0,0.267,0.46,0.279,0,0,0,0,1319.8375,0.0543791749910695,162592.9820827208,0.0,0.695314714599343,Low,"(0.229, 0.35]",High,Low Risk
868,174547,229369.17,240,10.14,2234.78,Personal,Mobile App,35,Female,Married,4,Bachelors,Self-Employed,Healthcare,1,Freelance,838214.33,70156.16,50,620,0.4,0,0,0,1,0,0.032,0.274,0.08,0,0,0,0,29782.028333333332,0.4245044744304549,325927.8181332766,0.625,0.24616163314323186,Low,"(0.013999999999999999, 0.152]",Low,Low Risk
869,62312,184107.71,24,8.88,8400.78,Car,Online,29,Male,Single,1,High School,Self-Employed,Services,5,Freelance,395785.07,31634.98,74,711,0.53,1,0,0,0,0,0.266,0.465,0.292,0,0,0,0,12492.606,0.3948860126981999,140640.39246431275,0.75,0.17468824557267015,Low,"(0.229, 0.35]",Low,Low Risk
870,165243,248049.15,36,14.91,8587.78,Car,Mobile App,72,Male,Married,2,Bachelors,Employed,Education,41,Salary,491808.96,39656.62,100,499,0.3,4,0,2,1,0,0.217,0.504,0.282,1,0,0,0,17717.204,0.4467540916474564,164014.857375874,0.7916666666666666,0.11487079376314718,Low,"(0.229, 0.35]",Low,Credit Risk
871,56559,234489.33,48,5.22,5423.52,Education,Agent,20,Male,Single,0,Bachelors,Self-Employed,Retail,0,Freelance,591687.54,47547.1,46,806,0.21,1,0,0,1,0,0.114,0.396,0.167,0,0,0,0,2440.0245454545457,0.0513169726120401,333331.6628159177,0.0,0.7608327946764638,Low,"(0.152, 0.229]",High,Behavioral Risk
872,173018,412901.28,12,9.46,36196.96,Business,Mobile App,38,Female,Single,1,Bachelors,Employed,Manufacturing,15,Salary,1052266.1,88806.8,92,748,0.38,2,0,0,2,0,0.408,0.392,0.472,0,0,0,1,5344.766153846154,0.0601835216483929,583559.3187949577,0.0,0.6695355677504554,Medium,"(0.35, 2.5]",High,Low Risk
873,153808,198096.26,72,6.9,3367.84,Medical,Mobile App,44,Male,Married,1,Bachelors,Employed,Construction,11,Salary,409694.54,32554.47,63,763,0.29,2,0,1,4,0,0.103,0.484,0.364,0,0,0,1,11336.845,0.3482316489364153,160977.25961604418,0.8333333333333334,0.25485654866206625,Low,"(0.35, 2.5]",Low,Low Risk
874,101231,1393902.53,60,7.29,27792.06,Education,Agent,46,Female,Single,1,PhD,Employed,Services,25,Salary,996445.18,83475.97,100,767,0.7,0,0,0,0,0,0.333,1.399,0.368,0,0,1,0,4438.592727272727,0.0531714642646076,549379.1060329367,0.0,0.669909163167071,Very High,"(0.35, 2.5]",High,High Exposure
875,62521,177439.66,24,9.46,8143.79,Car,Mobile App,29,Male,Single,0,Bachelors,Unemployed,Unemployed,0,No Income,210203.48,17295.32,44,766,0.24,1,0,0,0,0,0.471,0.844,0.483,0,1,0,0,6617.300434782609,0.3825842973986726,70540.28806443552,0.9166666666666666,0.0649487817398556,Low,"(0.35, 2.5]",Low,Low Risk
876,13205,401856.07,240,5.0,2652.07,Business,Mobile App,46,Male,Married,1,Masters,Self-Employed,Retail,13,Business,521332.85,42862.4,81,816,0.37,7,0,0,4,0,0.062,0.771,0.267,0,0,0,1,14509.978181818182,0.3385167341325742,202142.01290803583,0.8333333333333334,0.2036628324055869,Medium,"(0.229, 0.35]",Low,Low Risk
877,88291,165798.82,240,13.44,1994.66,Home,Mobile App,35,Male,Married,1,PhD,Employed,Finance,7,Salary,749372.42,60475.86,86,557,0.28,1,0,0,0,0,0.033,0.221,0.047,1,0,0,0,23418.867,0.3872368208270071,294581.53433940734,0.7916666666666666,0.256221936815893,Low,"(0.013999999999999999, 0.152]",Medium,Credit Risk
878,171615,589296.48,60,11.81,13052.06,Business,Mobile App,41,Female,Married,1,Bachelors,Employed,IT,2,Salary,909997.07,73990.11,55,600,0.33,1,0,1,1,0,0.176,0.648,0.22,0,0,0,0,28597.0615,0.3864932084408519,387653.86913201504,0.6666666666666666,0.3557368664952638,High,"(0.152, 0.229]",Medium,Low Risk
879,58106,854123.27,36,12.69,28651.42,Personal,Agent,34,Male,Married,2,Bachelors,Employed,IT,3,Salary,856816.13,71573.14,69,563,0.46,0,0,1,4,0,0.4,0.997,0.535,1,0,0,0,28498.176666666663,0.3981630329986035,363860.4412776936,0.5833333333333334,0.33980017715282784,High,"(0.35, 2.5]",Medium,Credit Risk
880,169340,1693493.42,12,12.85,151139.07,Home,Agent,19,Female,Single,0,High School,Employed,Services,0,Salary,2179329.78,173922.11,52,578,0.28,1,1,0,1,39,0.869,0.777,0.895,1,0,0,1,7973.855,0.0458470125102983,1209448.3389784973,0.0,0.7474068902951124,Very High,"(0.35, 2.5]",High,Credit Risk
881,60029,505421.31,84,8.65,8042.27,Home,Agent,31,Female,Married,3,Bachelors,Employed,Retail,3,Salary,735701.44,58842.17,69,711,0.24,2,0,1,1,0,0.137,0.687,0.183,0,0,0,0,22931.911904761902,0.3897123813139555,267057.1310579242,0.8333333333333334,0.1789466017825541,Medium,"(0.152, 0.229]",Low,Low Risk
882,38254,235656.7,60,14.63,5560.59,Business,Online,43,Male,Married,0,High School,Employed,Construction,17,Salary,786411.84,62792.62,92,571,0.38,3,2,0,1,156,0.089,0.3,0.139,1,0,0,1,23171.96545454545,0.369017831024003,289173.16693864646,0.75,0.20205416085258915,Low,"(0.013999999999999999, 0.152]",Low,Credit Risk
883,83539,183180.02,60,9.23,3823.0,Home,Online,18,Female,Single,0,High School,Employed,Services,0,Salary,466137.82,39210.04,62,687,0.27,1,0,0,0,0,0.098,0.393,0.111,0,0,0,0,12312.898260869566,0.31401611028092,190408.8086845468,0.8333333333333334,0.22722340123870322,Low,"(0.013999999999999999, 0.152]",Low,Low Risk
884,25320,1684045.83,48,9.74,42501.78,Car,Online,38,Female,Married,1,High School,Self-Employed,Services,1,Business,1773821.61,141297.64,78,630,0.34,2,0,1,2,0,0.301,0.949,0.346,0,0,0,1,6143.846363636363,0.0434812844882042,920834.733771824,0.0,0.6537477913323932,Very High,"(0.229, 0.35]",Medium,Low Risk
885,154710,157646.89,120,8.6,1963.04,Car,Online,39,Female,Married,2,Bachelors,Employed,Manufacturing,16,Salary,1047609.02,85451.26,79,697,0.32,1,0,0,0,0,0.023,0.15,0.039,0,0,0,0,29603.49681818181,0.3464331641805824,386462.61933098553,0.875,0.1574031387831027,Low,"(0.013999999999999999, 0.152]",Low,Low Risk
886,37834,239595.64,24,11.72,11247.3,Car,Online,48,Male,Married,4,Bachelors,Employed,Services,13,Salary,748769.98,59553.5,89,595,0.2,0,0,0,0,0,0.189,0.32,0.199,0,0,0,0,3148.4861538461537,0.0528673090000949,404711.47133844777,0.0,0.7154963841450493,Low,"(0.152, 0.229]",High,Low Risk
887,35507,453751.5,36,8.04,14227.3,Car,Agent,37,Male,Married,2,High School,Employed,Finance,16,Salary,974684.99,79881.59,88,761,0.46,0,0,0,0,0,0.178,0.466,0.201,0,0,0,0,23265.301304347828,0.2912437028437339,379925.55471355247,0.9166666666666666,0.18592370269645236,Medium,"(0.152, 0.229]",Low,Low Risk
888,81578,1223896.93,72,6.42,20527.04,Car,Branch,36,Female,Divorced,0,Bachelors,Employed,Education,0,Salary,1390098.26,116893.51,72,808,0.27,1,0,0,1,0,0.176,0.88,0.206,0,0,0,0,38710.17947368421,0.3311548119213144,586972.1925139022,0.75,0.28101729225731087,Very High,"(0.152, 0.229]",Medium,Low Risk
889,153404,147028.32,60,6.42,2871.27,Business,Branch,23,Female,Married,0,High School,Employed,Education,2,Salary,653598.26,53613.77,72,781,0.2,1,0,0,0,0,0.054,0.225,0.064,0,0,0,0,2383.955,0.0444645197582681,380766.8362346116,0.0,0.7785646850497616,Low,"(0.013999999999999999, 0.152]",High,Behavioral Risk
890,2735,571110.77,24,9.92,26332.78,Home,Branch,61,Male,Single,1,High School,Employed,Services,17,Salary,1111151.16,93944.14,92,670,0.35,4,0,0,1,0,0.28,0.514,0.319,0,0,0,0,5994.254545454546,0.0638059035885682,580255.5023293013,0.0,0.5864535636364543,High,"(0.229, 0.35]",Medium,Low Risk
891,100893,157134.48,60,11.24,3435.32,Education,Branch,54,Female,Single,0,Bachelors,Self-Employed,Services,32,Business,446031.03,35451.43,100,620,0.34,2,0,0,1,0,0.097,0.352,0.17,0,0,0,0,2067.477,0.0583169334231814,224420.0887189183,0.0,0.6177679264847311,Low,"(0.152, 0.229]",Medium,Low Risk
892,57515,231020.24,60,8.63,4754.22,Personal,Branch,20,Male,Single,0,High School,Employed,Services,0,Salary,854932.35,69679.32,60,694,0.53,3,0,0,1,0,0.068,0.27,0.123,0,0,0,0,26346.793809523813,0.3781095409654234,340515.90886027744,0.7083333333333334,0.2714614663012631,Low,"(0.013999999999999999, 0.152]",Medium,Low Risk
893,164278,536577.15,36,7.75,16752.56,Business,Online,41,Female,Divorced,0,High School,Employed,Construction,19,Salary,961211.14,78115.65,95,762,0.4,1,0,0,2,0,0.214,0.558,0.286,0,0,0,0,24723.34956521739,0.3164927011746842,388120.3490990139,0.875,0.24470846510029873,High,"(0.229, 0.35]",Low,Low Risk
894,125445,302958.37,12,7.15,26234.96,Car,Branch,56,Female,Married,0,Bachelors,Self-Employed,Construction,6,Business,590987.28,49721.04,65,744,0.57,0,0,0,1,0,0.528,0.513,0.596,0,0,0,0,1980.792857142857,0.0398373207765179,345792.5776681577,0.0,0.7459963354360137,Medium,"(0.35, 2.5]",High,Low Risk
895,54688,759129.65,24,9.95,35012.47,Personal,Online,27,Female,Married,0,Bachelors,Self-Employed,IT,0,Business,1399600.62,114646.28,56,640,0.38,2,0,1,0,0,0.305,0.542,0.324,0,0,0,0,33680.53913043479,0.2937753004731973,596806.7885452225,0.7916666666666666,0.30359345321497955,High,"(0.229, 0.35]",Medium,Low Risk
896,135853,315558.93,60,15.8,7640.29,Car,Online,28,Male,Married,1,Bachelors,Employed,IT,0,Salary,284054.4,22790.86,59,507,0.58,3,1,0,3,55,0.335,1.111,0.627,1,1,1,1,1079.0723076923075,0.0473446356590601,161643.96314600483,0.0,0.7772303175869281,Medium,"(0.35, 2.5]",High,Behavioral Risk
897,175744,563402.59,24,8.18,25527.45,Medical,Mobile App,50,Male,Married,0,Bachelors,Self-Employed,Services,16,Business,1188059.41,94430.31,70,728,0.34,2,0,0,0,0,0.27,0.474,0.287,0,0,0,0,4952.8,0.0524487058370788,629273.7464214652,0.0,0.6873180275826898,High,"(0.229, 0.35]",High,Low Risk
898,163245,665508.52,72,8.38,11792.39,Personal,Online,26,Male,Married,1,High School,Employed,Services,1,Salary,788921.02,62807.0,70,746,0.26,1,0,0,1,0,0.188,0.844,0.233,0,0,0,0,26111.73789473684,0.4157390443054522,281317.820611321,0.7083333333333334,0.19423374962878298,High,"(0.229, 0.35]",Low,Low Risk
899,126943,464535.99,36,6.54,14246.02,Car,Mobile App,38,Female,Married,2,Masters,Employed,Retail,15,Salary,852342.03,71535.79,91,791,0.73,0,0,0,0,0,0.199,0.545,0.236,0,0,0,0,26257.40363636364,0.3670475518451924,341815.15948656254,0.8333333333333334,0.22420185683524166,Medium,"(0.229, 0.35]",Low,Low Risk
900,33564,2808460.78,72,14.44,58534.17,Car,Online,35,Male,Widowed,0,Bachelors,Employed,Finance,8,Salary,1876743.57,150025.31,88,494,0.4,2,1,2,1,56,0.39,1.496,0.423,1,0,1,0,36695.22260869565,0.2445919159692433,780734.0566555529,0.875,0.27648615458463255,Very High,"(0.35, 2.5]",Medium,Credit Risk
901,54347,264208.58,48,13.47,7149.84,Business,Branch,25,Female,Divorced,0,Bachelors,Employed,Manufacturing,1,Salary,357876.09,28732.49,61,526,0.31,0,0,0,1,0,0.249,0.738,0.334,1,0,0,0,990.663,0.0344776426393034,198245.24516718584,0.0,0.732901013048715,Low,"(0.229, 0.35]",High,Credit Risk
902,177666,194845.9,12,11.24,17242.62,Education,Branch,34,Female,Married,3,High School,Unemployed,Unemployed,0,No Income,204109.91,16961.11,43,635,0.54,1,0,2,0,0,1.017,0.955,1.044,1,1,0,1,662.6945454545455,0.0390691102377325,105147.3743498919,0.0,0.5849067812784059,Low,"(0.35, 2.5]",Medium,Financial Stress
903,98666,936866.1,36,7.26,29039.21,Personal,Online,50,Male,Single,0,Bachelors,Employed,Healthcare,8,Salary,1223330.17,103024.57,89,787,0.27,2,0,0,1,0,0.282,0.766,0.315,0,0,0,0,28976.196363636365,0.2812524731834666,551635.2016132917,0.75,0.33916996263701427,Very High,"(0.229, 0.35]",Medium,Low Risk
904,119397,280327.07,360,12.25,2937.54,Car,Mobile App,35,Female,Divorced,0,High School,Self-Employed,Manufacturing,0,Freelance,742288.96,60562.32,47,564,0.45,2,0,1,0,0,0.049,0.378,0.071,1,0,0,0,2814.567777777778,0.046473142122621,402121.5188359804,0.0,0.6806510105620441,Low,"(0.013999999999999999, 0.152]",High,Credit Risk
905,75535,639283.94,360,11.33,6247.99,Car,Branch,38,Male,Married,2,High School,Employed,Services,5,Salary,895406.19,71242.81,80,610,0.27,3,0,1,0,0,0.088,0.714,0.101,0,0,0,0,25924.635217391304,0.3638861427735448,329667.1495004871,0.8333333333333334,0.1912681138606394,High,"(0.013999999999999999, 0.152]",Low,Low Risk
906,37663,414014.46,60,8.44,8482.17,Home,Online,52,Female,Married,2,Bachelors,Self-Employed,Manufacturing,3,Business,849526.83,71321.32,43,760,0.45,1,0,0,2,0,0.119,0.487,0.198,0,0,0,0,3694.843333333333,0.0518048674430855,503224.1415024828,0.0,0.7705876882406746,Medium,"(0.152, 0.229]",High,Behavioral Risk
907,19226,1035989.31,240,15.88,14320.07,Car,Branch,41,Male,Married,0,High School,Employed,Retail,12,Salary,966081.93,81646.36,83,443,0.49,2,0,1,0,0,0.175,1.072,0.2,1,0,1,0,21689.073333333334,0.2656432900382,408179.2115572925,0.7083333333333334,0.266671176046261,Very High,"(0.152, 0.229]",Medium,Credit Risk
908,2798,351458.86,48,11.32,9138.35,Personal,Online,18,Male,Single,0,Bachelors,Employed,Education,0,Salary,741435.74,60432.14,64,620,0.37,3,0,2,1,0,0.151,0.474,0.203,0,0,0,0,14615.665217391304,0.2418485158539057,333833.87771758105,0.9166666666666666,0.33683812166916194,Medium,"(0.152, 0.229]",Medium,Low Risk
909,109169,118294.69,36,7.06,3655.84,Business,Online,18,Female,Single,0,Masters,Unemployed,Unemployed,0,No Income,146799.87,12320.75,57,738,0.36,1,0,0,1,0,0.297,0.806,0.477,0,1,0,0,5798.48294117647,0.4705892378255094,57816.08383386926,0.625,0.26784335674379467,Low,"(0.35, 2.5]",Medium,Low Risk
910,50642,739637.35,36,8.83,23461.79,Personal,Branch,18,Female,Single,0,High School,Self-Employed,Healthcare,0,Business,915666.55,76810.13,57,669,0.34,2,0,0,0,0,0.305,0.808,0.322,0,0,0,0,26936.106842105262,0.3506797366749488,382087.8241401438,0.6666666666666666,0.29019396966993605,High,"(0.229, 0.35]",Medium,Low Risk
911,96208,716445.52,60,10.29,15324.78,Education,Mobile App,18,Female,Single,0,High School,Employed,Healthcare,0,Salary,386905.68,31742.03,64,690,0.63,2,1,0,1,82,0.483,1.852,0.577,1,0,1,0,1200.326,0.0378138444880655,220857.2739566209,0.0,0.7461498182077505,High,"(0.35, 2.5]",High,High Exposure
912,57111,1363729.36,60,8.54,28005.29,Car,Branch,41,Male,Single,0,PhD,Self-Employed,Education,12,Business,2147329.16,178819.47,81,725,0.29,0,0,0,2,0,0.157,0.635,0.193,0,0,0,0,72098.42157894737,0.403188860754853,804531.5027560907,0.75,0.18820645026552396,Very High,"(0.152, 0.229]",Low,Low Risk
913,110619,41803.89,360,8.34,316.71,Education,Mobile App,26,Male,Divorced,0,Bachelors,Unemployed,Unemployed,0,No Income,122317.87,10374.81,29,762,0.13,4,0,0,1,0,0.031,0.342,0.23,0,1,0,0,3962.0617391304345,0.3818556564866198,45618.302667216376,0.8333333333333334,0.14673154604909486,Low,"(0.229, 0.35]",Low,Low Risk
914,19065,722723.36,360,9.67,6166.89,Home,Branch,50,Female,Married,3,Masters,Employed,Healthcare,28,Salary,1846563.42,150183.56,100,694,0.49,1,0,0,0,0,0.041,0.391,0.066,0,0,0,0,50942.46909090909,0.3391991100210906,697949.9236309874,0.875,0.18211446546510293,High,"(0.013999999999999999, 0.152]",Low,Low Risk
915,115520,870727.9,60,8.95,18053.76,Car,Agent,38,Male,Married,1,Bachelors,Self-Employed,Retail,2,Business,1184854.23,94266.44,63,652,0.44,1,0,0,1,0,0.192,0.735,0.235,0,0,0,0,27297.887142857144,0.2895791711629927,472742.1010026097,0.75,0.26901324909477964,High,"(0.229, 0.35]",Medium,Low Risk
916,140037,873125.99,72,7.53,15109.13,Education,Mobile App,42,Male,Married,1,PhD,Employed,Manufacturing,4,Salary,1462932.59,121971.43,84,819,0.33,0,0,0,2,0,0.124,0.597,0.173,0,0,0,0,28740.18772727273,0.2356285574311566,669261.8064138816,0.875,0.33446202255783075,High,"(0.152, 0.229]",Medium,Low Risk
917,28153,873810.93,48,7.14,20981.29,Home,Agent,47,Male,Married,0,Bachelors,Self-Employed,Healthcare,8,Freelance,966307.49,77696.46,57,763,0.81,1,0,0,2,0,0.27,0.904,0.362,0,0,0,0,2684.795,0.0345544757833782,555414.7729209899,0.0,0.785940091698854,High,"(0.35, 2.5]",High,Behavioral Risk
918,79970,531869.26,60,8.62,10942.9,Personal,Agent,39,Male,Married,1,High School,Employed,Retail,14,Salary,711574.43,60445.42,82,798,0.19,2,1,0,5,61,0.181,0.747,0.356,1,0,0,1,20093.168095238096,0.3324128723460892,320511.0690500942,0.75,0.34118010798014264,High,"(0.35, 2.5]",Medium,Low Risk
919,57776,1400369.92,24,6.29,62248.4,Car,Online,37,Male,Single,0,Bachelors,Employed,IT,6,Salary,1164165.17,94308.42,87,810,0.14,2,0,0,2,0,0.66,1.203,0.709,1,0,1,0,7272.311250000001,0.077111186242053,609398.83970863,0.0,0.6505775414517948,Very High,"(0.35, 2.5]",Medium,Financial Stress
920,8379,370478.4,240,9.96,3565.38,Personal,Branch,47,Male,Divorced,0,High School,Employed,IT,23,Salary,784677.96,63357.21,100,671,0.49,1,0,0,3,0,0.056,0.472,0.175,0,0,0,0,17102.282608695652,0.2699300155212032,328876.732255309,0.8333333333333334,0.28724203199641013,Medium,"(0.152, 0.229]",Medium,Low Risk
921,105628,122582.37,60,11.84,2716.88,Business,Online,37,Male,Married,1,Bachelors,Unemployed,Unemployed,0,No Income,240409.82,19798.22,57,628,0.25,0,0,2,2,0,0.137,0.51,0.352,0,1,0,1,994.0816666666666,0.0502081226768865,139242.99370888865,0.0,0.7653070416878028,Low,"(0.35, 2.5]",High,Behavioral Risk
922,132704,98717.85,60,11.81,2186.46,Personal,Agent,24,Female,Single,0,Bachelors,Unemployed,Unemployed,0,No Income,137383.4,11115.28,42,656,0.28,3,0,0,1,0,0.197,0.719,0.391,0,1,0,0,592.6185714285714,0.0533108712112839,73817.10023636787,0.0,0.6825606421455385,Low,"(0.35, 2.5]",High,Low Risk
923,97858,966379.16,60,10.06,20561.24,Home,Mobile App,32,Female,Single,0,Bachelors,Self-Employed,Services,11,Business,801011.02,64786.98,65,678,0.4,1,0,0,0,0,0.317,1.206,0.337,0,0,1,0,25618.40526315789,0.3954191080376003,308056.1098078868,0.7083333333333334,0.24777656188977532,Very High,"(0.229, 0.35]",Low,High Exposure
924,22834,178171.92,60,7.47,3567.66,Business,Agent,38,Male,Single,0,High School,Self-Employed,IT,6,Business,500464.06,40693.45,64,722,0.34,2,0,0,0,0,0.088,0.356,0.105,0,0,0,0,17652.5135,0.4337818424871205,166762.9578197735,0.7083333333333334,0.11769386338436522,Low,"(0.013999999999999999, 0.152]",Low,Low Risk
925,112818,468332.43,60,9.13,9751.39,Business,Online,28,Male,Single,1,PhD,Employed,Retail,0,Salary,796013.11,64079.92,75,687,0.13,3,0,1,1,0,0.152,0.588,0.19,0,0,0,0,5522.838333333333,0.0861853783206192,450321.856256807,0.0,0.7733596088125378,Medium,"(0.152, 0.229]",High,Behavioral Risk
926,161124,1192521.87,120,7.1,13907.73,Medical,Online,25,Female,Single,0,Bachelors,Employed,Education,3,Salary,1569997.25,125952.06,60,789,0.15,2,0,0,1,0,0.11,0.76,0.134,0,0,0,0,39988.586363636365,0.3174880099271615,582962.8264718183,0.7916666666666666,0.18674503831723063,Very High,"(0.013999999999999999, 0.152]",Low,Low Risk
927,55255,891000.06,60,6.61,17479.38,Car,Online,28,Male,Married,3,Bachelors,Employed,IT,6,Salary,1353313.68,114887.16,77,831,0.55,1,0,0,3,0,0.152,0.658,0.232,0,0,0,1,5351.085,0.0465764705431786,850770.510950365,0.0,0.8436919580638839,Very High,"(0.229, 0.35]",High,Behavioral Risk
928,33234,114897.26,60,9.29,2401.28,Personal,Branch,33,Female,Married,1,Bachelors,Unemployed,Unemployed,0,No Income,145119.08,12253.96,50,714,0.35,1,0,0,1,0,0.196,0.792,0.377,0,1,0,0,4377.765833333334,0.3572240001871352,53109.8940565316,0.8333333333333334,0.12705257379538348,Low,"(0.35, 2.5]",Low,Low Risk
929,23792,483032.94,36,10.64,15731.66,Business,Online,38,Female,Married,2,Masters,Self-Employed,Services,11,Business,1048127.43,87922.9,69,698,0.31,2,1,0,1,23,0.179,0.461,0.217,1,0,0,1,26001.37347826087,0.2957258888454774,454542.4579878804,0.875,0.28225821443851684,Medium,"(0.152, 0.229]",Medium,Low Risk
930,16000,1244923.74,48,5.0,28669.71,Personal,Mobile App,44,Female,Single,0,Bachelors,Employed,Finance,14,Salary,1722947.56,138062.16,92,841,0.67,4,0,0,0,0,0.208,0.723,0.241,0,0,0,0,34216.321818181816,0.2478309334523548,733187.900595784,0.9166666666666666,0.29290386970862586,Very High,"(0.229, 0.35]",Medium,Low Risk
931,74411,1133532.44,84,9.14,18318.13,Personal,Agent,44,Female,Single,0,Masters,Employed,Construction,16,Salary,1001730.36,80129.6,95,700,0.36,2,0,0,1,0,0.229,1.132,0.272,0,0,1,0,28445.00833333333,0.3549830942652786,355166.578801725,0.8333333333333334,0.14747638449380499,Very High,"(0.229, 0.35]",Low,Low Risk
932,140745,195334.93,120,7.46,2314.58,Home,Online,46,Male,Married,4,High School,Self-Employed,Finance,10,Freelance,996619.9,81718.46,74,752,0.49,1,0,0,2,0,0.028,0.196,0.102,0,0,0,0,24601.447916666668,0.3010476074690981,384975.9414968618,0.9166666666666666,0.17882425464780857,Low,"(0.013999999999999999, 0.152]",Low,Low Risk
933,142803,895324.89,240,7.91,7438.79,Business,Agent,38,Female,Divorced,1,High School,Employed,Manufacturing,16,Salary,953211.81,77168.89,81,819,0.51,3,1,0,0,77,0.096,0.939,0.122,1,0,0,0,3183.7075,0.0412558252966279,503693.0071363737,0.0,0.6553355568848432,Very High,"(0.013999999999999999, 0.152]",High,Low Risk
934,55481,715127.23,24,13.97,34325.19,Business,Agent,43,Male,Married,0,Masters,Employed,Retail,12,Salary,1056489.14,86201.94,100,563,0.37,2,2,1,2,76,0.398,0.677,0.463,1,0,0,1,2410.62,0.0279644754575656,607801.0346736152,0.0,0.7634696862725077,High,"(0.35, 2.5]",High,Behavioral Risk
935,125758,847514.29,240,8.44,7322.77,Car,Mobile App,28,Female,Married,3,Bachelors,Employed,Healthcare,4,Salary,1056305.98,84629.21,74,750,0.17,2,0,0,1,0,0.087,0.802,0.119,0,0,0,0,32374.815,0.3825444247391091,368086.5691856757,0.6666666666666666,0.16523877709274587,High,"(0.013999999999999999, 0.152]",Low,Low Risk
936,119817,406249.13,12,8.95,35517.67,Personal,Online,42,Male,Single,1,Bachelors,Employed,Services,14,Salary,574011.53,46302.48,83,706,0.19,1,0,0,0,0,0.767,0.708,0.777,1,0,0,0,15325.256666666668,0.3309741873972899,225494.7736188248,0.875,0.22742524293024222,Medium,"(0.35, 2.5]",Low,Financial Stress
937,156018,411742.12,24,7.51,18530.1,Car,Agent,31,Male,Married,2,Bachelors,Employed,IT,7,Salary,652952.81,53392.76,80,770,0.19,1,0,0,1,0,0.347,0.631,0.394,0,0,0,0,2573.8280000000004,0.0482046591212156,342834.5966060239,0.0,0.6344978645891423,Medium,"(0.35, 2.5]",Medium,Low Risk
938,71865,66168.33,48,9.67,1667.73,Home,Branch,35,Male,Divorced,0,High School,Unemployed,Unemployed,0,No Income,149134.11,12043.1,46,694,0.52,1,0,0,0,0,0.138,0.444,0.164,0,1,0,0,4384.416363636363,0.3640302192472964,56247.12860525767,0.75,0.2146130790495046,Low,"(0.152, 0.229]",Low,Low Risk
939,66399,925764.44,72,12.76,18466.83,Medical,Mobile App,53,Female,Married,1,Bachelors,Employed,IT,11,Salary,800365.43,67139.13,81,580,0.45,3,1,0,1,44,0.275,1.157,0.327,1,0,1,1,23862.32217391305,0.3554107234214924,302244.26477202115,0.8333333333333334,0.1623528071903758,Very High,"(0.229, 0.35]",Low,Low Risk
940,111136,1070608.98,48,8.78,26530.45,Education,Branch,23,Female,Married,2,PhD,Employed,Education,1,Salary,1037822.91,82877.39,86,736,0.13,1,0,0,1,0,0.32,1.032,0.351,0,0,1,0,2820.853333333333,0.0340360537087331,556113.277552436,0.0,0.692443843117202,Very High,"(0.35, 2.5]",High,Low Risk
941,58162,357512.64,360,16.14,4848.06,Car,Online,46,Non-Binary,Divorced,1,High School,Employed,Manufacturing,2,Salary,1162573.53,98819.28,75,559,0.46,7,3,1,1,225,0.049,0.308,0.092,1,0,0,1,28109.84565217392,0.2844542198440838,478781.3443623106,0.875,0.21022238227530593,Medium,"(0.013999999999999999, 0.152]",Low,Credit Risk
942,164613,706376.02,60,7.21,14057.18,Home,Online,63,Male,Married,0,Masters,Employed,Retail,0,Salary,1543397.55,126616.21,67,797,0.45,0,0,1,4,0,0.111,0.458,0.197,0,0,0,1,5210.06,0.0411481188062823,810017.9242755808,0.0,0.6276909230480927,High,"(0.152, 0.229]",Medium,Low Risk
943,3712,720886.84,36,9.52,23098.87,Home,Mobile App,22,Female,Divorced,0,Bachelors,Employed,Services,1,Salary,787251.21,64845.97,58,670,0.25,1,0,0,4,0,0.356,0.916,0.492,0,0,0,1,16513.48695652174,0.254653177419419,334889.82203309867,0.875,0.270609269606474,High,"(0.35, 2.5]",Medium,Low Risk
944,130232,493902.29,72,5.53,8076.26,Car,Branch,37,Male,Married,1,Bachelors,Employed,Services,11,Salary,668116.54,56457.89,97,807,0.1,0,0,0,2,0,0.143,0.739,0.219,0,0,0,0,23533.046363636364,0.4168173756805414,255723.0905208648,0.75,0.19813410452027044,Medium,"(0.152, 0.229]",Low,Low Risk
945,161881,8778758.84,24,6.11,389515.22,Car,Online,33,Female,Married,2,PhD,Self-Employed,Healthcare,8,Business,4179799.5,347902.39,89,784,0.23,2,0,0,1,0,1.12,2.1,1.137,1,0,1,1,14494.375555555554,0.04166207048329,2314590.5345391403,0.0,0.6822498987476581,Very High,"(0.35, 2.5]",High,Financial Stress
946,124875,717058.22,60,6.21,13932.87,Business,Agent,54,Male,Married,2,Bachelors,Employed,Services,1,Salary,1266092.97,104322.75,67,811,0.12,3,0,0,1,0,0.134,0.566,0.159,0,0,0,0,5248.425454545454,0.0503090183639435,749487.8314524036,0.0,0.7975937669494012,High,"(0.152, 0.229]",High,Behavioral Risk
947,132799,714627.07,360,8.84,5667.97,Home,Online,31,Female,Married,5,Bachelors,Employed,Manufacturing,3,Salary,1082796.28,89531.31,58,767,0.41,4,1,0,0,57,0.063,0.66,0.084,1,0,0,0,22962.830833333337,0.2564753532365392,441682.4650441331,0.875,0.22186491863941982,High,"(0.013999999999999999, 0.152]",Low,Low Risk
948,71646,458432.24,48,17.84,13428.15,Business,Agent,27,Male,Married,2,Bachelors,Employed,Manufacturing,5,Salary,891545.06,73744.85,66,446,0.34,4,2,2,3,110,0.182,0.514,0.28,1,0,0,1,4766.66,0.0646363151282411,527436.0537955839,0.0,0.7944040800133868,Medium,"(0.229, 0.35]",High,Behavioral Risk
949,141288,96247.11,12,6.27,8295.59,Car,Agent,24,Female,Married,2,High School,Unemployed,Unemployed,0,No Income,180385.88,14766.88,42,828,0.36,4,0,0,0,0,0.562,0.534,0.58,0,1,0,0,677.949,0.0459069954522924,100650.12031335868,0.0,0.7179397262487048,Low,"(0.35, 2.5]",High,Low Risk
950,56017,168887.18,60,8.22,3442.23,Personal,Online,18,Female,Single,0,Bachelors,Employed,Construction,0,Salary,879803.38,72397.19,60,733,0.68,1,0,0,1,0,0.048,0.192,0.109,0,0,0,0,26067.40333333333,0.3600560087667016,352582.184830158,0.7083333333333334,0.2632729806121708,Low,"(0.013999999999999999, 0.152]",Medium,Low Risk
951,1686,1603699.86,24,12.2,75641.59,Personal,Branch,52,Male,Divorced,0,Bachelors,Self-Employed,Services,21,Business,1084521.05,88274.13,97,622,0.23,1,1,2,0,57,0.857,1.479,0.868,1,0,1,1,2908.4253846153847,0.0329472795408557,609034.0154732905,0.0,0.7324720033715652,Very High,"(0.35, 2.5]",High,Financial Stress
952,73459,819946.02,72,7.79,14292.38,Business,Branch,22,Male,Single,0,Masters,Employed,Construction,0,Salary,875338.22,71800.39,65,729,0.23,1,0,0,2,0,0.199,0.937,0.266,0,0,0,0,22623.281363636364,0.3150813844082456,340903.7335940963,0.75,0.2186663542878972,High,"(0.229, 0.35]",Low,Low Risk
953,134239,151594.08,60,5.93,2925.81,Personal,Online,18,Male,Single,0,Bachelors,Employed,Manufacturing,0,Salary,637897.71,52277.12,51,779,0.35,0,0,0,0,0,0.056,0.238,0.073,0,0,0,0,1874.0485714285717,0.0358476657429259,371831.2994579458,0.0,0.7786325178291318,Low,"(0.013999999999999999, 0.152]",High,Behavioral Risk
954,7747,3743868.31,240,6.82,28623.05,Medical,Agent,55,Female,Married,1,Masters,Employed,Retail,25,Salary,2918905.04,232008.74,100,787,0.21,4,0,0,0,0,0.123,1.283,0.134,0,0,1,0,16724.541,0.0720855124444344,1693039.645228867,0.0,0.8272275714511376,Very High,"(0.013999999999999999, 0.152]",High,Behavioral Risk
955,25947,595841.25,24,10.15,27536.32,Home,Online,41,Male,Single,0,Masters,Self-Employed,Finance,10,Business,1317734.82,108604.26,79,631,0.47,1,0,0,0,0,0.254,0.452,0.277,0,0,0,0,41039.016818181815,0.3778731971009674,510970.3268744411,0.875,0.2042538812129657,High,"(0.229, 0.35]",Low,Low Risk
956,45291,128426.94,72,11.47,2475.52,Business,Online,31,Male,Widowed,0,Masters,Unemployed,Unemployed,0,No Income,260952.78,20868.58,41,699,0.22,6,1,0,1,59,0.119,0.492,0.225,1,1,0,0,7541.475217391304,0.361362098201847,100710.00918817824,0.875,0.22576821279559559,Low,"(0.152, 0.229]",Low,Low Risk
957,129878,1152596.82,48,8.51,28415.0,Car,Branch,25,Female,Married,2,PhD,Employed,Retail,3,Salary,1657687.66,132929.73,77,686,0.17,2,0,0,0,0,0.214,0.695,0.222,0,0,0,1,6627.0575,0.0498534650340068,971996.2270367612,0.0,0.8246921976360228,Very High,"(0.152, 0.229]",High,Behavioral Risk
958,164098,1222835.01,48,5.01,28166.57,Home,Branch,50,Male,Single,0,Bachelors,Employed,IT,9,Salary,1165668.32,95599.32,72,833,0.25,1,0,0,1,0,0.295,1.049,0.328,0,0,1,0,38365.45333333333,0.4013109300610429,430516.22991098935,0.8333333333333334,0.17442258385134635,Very High,"(0.229, 0.35]",Low,Low Risk
959,64120,1482682.85,48,12.65,39519.59,Personal,Online,50,Male,Married,0,High School,Self-Employed,Construction,16,Business,2622665.0,215386.61,87,586,0.59,4,1,1,0,28,0.183,0.565,0.213,1,0,0,0,11088.372222222222,0.0514810124046699,1522018.676075462,0.0,0.7728012739136245,Very High,"(0.152, 0.229]",High,Behavioral Risk
960,42748,151152.03,60,7.4,3021.6,Business,Agent,45,Female,Divorced,0,Bachelors,Self-Employed,Finance,0,Business,577704.24,48024.9,55,812,0.24,2,1,0,1,69,0.063,0.262,0.117,1,0,0,0,1607.1936363636364,0.0334651435238826,351259.3010718486,0.0,0.8209100562085775,Low,"(0.013999999999999999, 0.152]",High,Behavioral Risk
961,81568,415669.65,72,13.45,8443.24,Home,Branch,52,Female,Married,0,Bachelors,Employed,Manufacturing,1,Salary,847431.18,69650.51,62,565,0.38,3,1,0,1,63,0.121,0.491,0.169,1,0,0,0,4962.43,0.0712465530180178,476452.69854224543,0.0,0.7297485512551491,Medium,"(0.152, 0.229]",High,Credit Risk
962,149251,276953.49,36,8.23,8708.13,Car,Online,21,Male,Married,0,Bachelors,Employed,Education,0,Salary,770873.48,64523.07,59,782,0.17,4,1,0,0,62,0.135,0.359,0.143,1,0,0,0,2655.316363636364,0.0411523384007915,452896.9183189514,0.0,0.760072789783456,Low,"(0.013999999999999999, 0.152]",High,Behavioral Risk
963,141361,1742426.77,84,7.68,26880.88,Home,Mobile App,35,Female,Married,2,High School,Self-Employed,Services,4,Business,1559697.37,124219.39,66,742,0.32,0,0,0,2,0,0.216,1.117,0.265,0,0,1,0,41667.55238095238,0.335432471118086,651610.5741956304,0.7916666666666666,0.32275840829971997,Very High,"(0.229, 0.35]",Medium,Low Risk
964,33307,237308.86,120,8.89,2992.02,Business,Branch,38,Female,Married,1,High School,Employed,Services,17,Salary,854431.08,67816.64,100,687,0.33,0,0,0,1,0,0.044,0.278,0.09,0,0,0,0,3091.938125,0.0455919451782751,459876.1379354748,0.0,0.7105326635793284,Low,"(0.013999999999999999, 0.152]",High,Low Risk
965,98653,112262.87,360,13.48,1284.11,Car,Branch,38,Female,Single,0,Bachelors,Unemployed,Unemployed,0,No Income,237071.21,19639.31,42,563,0.3,1,0,0,0,0,0.065,0.474,0.08,1,1,0,0,6496.268636363637,0.3307620213919045,92015.1525208854,0.7916666666666666,0.20219020568955762,Low,"(0.013999999999999999, 0.152]",Low,Credit Risk
966,10820,1532813.49,72,8.1,26950.09,Education,Mobile App,58,Male,Single,2,High School,Employed,Healthcare,35,Salary,1387604.21,116635.93,100,713,0.28,1,0,0,0,0,0.231,1.105,0.245,0,0,1,0,4428.154444444444,0.0379652863329345,742176.6839453286,0.0,0.6195863312641479,Very High,"(0.229, 0.35]",Medium,Low Risk
967,147083,586822.3,24,9.56,26959.85,Car,Online,39,Female,Divorced,0,High School,Self-Employed,Services,2,Freelance,1058902.98,84704.0,47,655,0.49,0,0,0,2,0,0.318,0.554,0.39,0,0,0,1,3484.1760000000004,0.0411330618027271,527652.6281939236,0.0,0.5918952604583494,High,"(0.35, 2.5]",Medium,Low Risk
968,127551,213728.94,24,7.78,9644.95,Personal,Online,32,Male,Single,0,Bachelors,Employed,Construction,4,Salary,345929.3,27717.34,68,716,0.28,3,0,0,0,0,0.348,0.618,0.362,0,0,0,0,1387.783076923077,0.0500673228239164,196453.10018138168,0.0,0.7769246950701448,Low,"(0.35, 2.5]",High,Behavioral Risk
969,21881,1282568.61,360,10.1,11350.35,Home,Online,37,Male,Divorced,0,High School,Employed,Finance,12,Salary,1029307.04,86019.26,99,698,0.32,2,1,0,2,29,0.132,1.246,0.194,1,0,1,0,34516.224285714285,0.4012569165184375,388024.0046585519,0.7916666666666666,0.18311508387969072,Very High,"(0.152, 0.229]",Low,High Exposure
970,70662,341485.09,360,18.55,5299.97,Home,Online,27,Male,Married,2,PhD,Self-Employed,Construction,2,Business,1392181.71,112760.03,70,457,0.69,4,3,0,1,177,0.047,0.245,0.099,1,0,0,1,7505.91,0.0665647520247021,787750.4532565598,0.0,0.7595347654529131,Medium,"(0.013999999999999999, 0.152]",High,Behavioral Risk
971,68248,663113.09,60,14.29,15529.36,Car,Mobile App,40,Male,Divorced,0,Bachelors,Self-Employed,Finance,0,Freelance,1368637.29,109007.31,40,573,0.44,3,1,1,1,62,0.142,0.485,0.183,1,0,0,0,45432.8465,0.4167833305552577,489947.9898737432,0.75,0.19072019151224212,High,"(0.152, 0.229]",Low,Credit Risk
972,40417,299003.69,48,17.77,8747.34,Personal,Agent,40,Female,Divorced,1,Bachelors,Employed,IT,8,Salary,1082735.4,89565.98,83,417,0.34,1,1,1,2,34,0.098,0.276,0.159,1,0,0,1,32732.192173913045,0.3654493226623589,392932.428328582,0.875,0.13340126048809184,Medium,"(0.152, 0.229]",Low,Credit Risk
973,97741,285307.0,48,5.38,6619.64,Business,Branch,32,Male,Single,0,Bachelors,Employed,Education,7,Salary,616731.23,50074.23,76,801,0.32,1,0,0,5,0,0.132,0.463,0.348,0,0,0,1,2476.821111111111,0.0494620016944727,331329.5344019183,0.0,0.6765058847330394,Low,"(0.229, 0.35]",High,Low Risk
974,103904,750227.75,240,16.39,10657.71,Home,Online,40,Female,Married,1,Bachelors,Employed,Healthcare,8,Salary,2254951.37,188882.0,57,596,0.42,3,3,2,0,195,0.056,0.333,0.077,1,0,0,0,72855.30571428571,0.3857165849456315,855594.09032034,0.7916666666666666,0.1831713520887019,High,"(0.013999999999999999, 0.152]",Low,Low Risk
975,28343,386963.26,36,12.12,12874.91,Personal,Mobile App,46,Female,Widowed,0,High School,Employed,IT,15,Salary,766642.83,62798.85,95,583,0.31,3,1,2,0,58,0.205,0.505,0.221,1,0,0,1,25218.84368421053,0.4015749031918154,284599.843918535,0.7083333333333334,0.20186701978591465,Medium,"(0.152, 0.229]",Low,Low Risk
976,51281,462555.47,120,9.74,6046.3,Business,Mobile App,33,Female,Widowed,0,Bachelors,Employed,Services,0,Salary,705610.87,56534.34,53,646,0.21,1,0,4,0,0,0.107,0.656,0.117,0,0,0,0,14655.922608695651,0.2592347124594219,275429.1757674773,0.9583333333333334,0.19529585552073817,Medium,"(0.013999999999999999, 0.152]",Low,Low Risk
977,27394,657768.31,48,9.94,16663.76,Personal,Mobile App,55,Female,Widowed,0,Masters,Employed,Construction,30,Salary,923068.06,75084.05,100,684,0.53,1,0,1,0,0,0.222,0.713,0.248,0,0,0,0,24212.355909090908,0.3224657359766146,344059.5671754915,0.875,0.16399337229465893,High,"(0.229, 0.35]",Low,Low Risk
978,1305,1060938.76,60,6.26,20639.43,Personal,Agent,44,Female,Single,0,High School,Employed,Retail,1,Salary,1191362.62,99193.96,59,800,0.2,4,0,0,0,0,0.208,0.891,0.218,0,0,0,0,3569.1535714285715,0.0359811987567571,707073.9211410985,0.0,0.781980684753342,Very High,"(0.152, 0.229]",High,Behavioral Risk
979,66706,801396.2,48,7.82,19496.78,Car,Branch,33,Female,Married,1,Bachelors,Employed,Education,4,Salary,723960.19,60540.27,55,740,0.67,1,0,0,0,0,0.322,1.107,0.356,0,0,1,0,21631.009545454544,0.357293620458483,294918.21088365995,0.7916666666666666,0.2486510533608405,High,"(0.35, 2.5]",Low,Low Risk
980,24694,428475.82,60,6.58,8399.69,Home,Branch,43,Male,Married,2,High School,Employed,Education,5,Salary,1285407.23,108861.97,62,802,0.35,2,0,0,0,0,0.077,0.333,0.095,0,0,0,0,4040.5127272727273,0.0371155841814046,734221.9729046465,0.0,0.7005708105726992,Medium,"(0.013999999999999999, 0.152]",High,Low Risk
981,107915,364429.83,240,7.28,2886.99,Medical,Online,23,Male,Single,0,Bachelors,Employed,Finance,0,Salary,994234.24,82666.8,57,774,0.37,0,0,0,1,0,0.035,0.367,0.078,0,0,0,0,3256.3508333333334,0.0393908006906356,533681.4535635181,0.0,0.6396692843891116,Medium,"(0.013999999999999999, 0.152]",Medium,Low Risk
982,39408,509585.4,72,13.45,10350.9,Home,Mobile App,32,Male,Married,3,High School,Self-Employed,Education,10,Business,732342.01,60034.3,86,590,0.39,6,1,1,2,55,0.172,0.696,0.259,1,0,0,0,3154.785555555556,0.0525488430232805,405584.70667765447,0.0,0.7069230344622881,Medium,"(0.229, 0.35]",High,Low Risk
983,94780,417770.71,36,11.74,13824.14,Personal,Online,51,Non-Binary,Married,3,Bachelors,Self-Employed,Construction,3,Freelance,842750.09,71650.2,71,599,0.38,0,0,3,1,0,0.193,0.496,0.24,0,0,0,0,24869.628695652173,0.3470929823317987,320214.597573856,0.9166666666666666,0.1390849969593759,Medium,"(0.229, 0.35]",Low,Low Risk
984,71347,3479326.79,36,15.19,120935.99,Home,Online,73,Female,Married,2,Masters,Self-Employed,Healthcare,48,Business,4194767.37,350000.0,100,556,0.45,3,2,1,2,126,0.346,0.829,0.379,1,0,0,1,88614.82478260869,0.2531844902803383,1718388.6231586384,0.9166666666666666,0.20891067723548293,Very High,"(0.35, 2.5]",Low,Credit Risk
985,158628,580008.41,60,8.28,11838.36,Car,Branch,47,Female,Single,1,Bachelors,Self-Employed,IT,18,Freelance,1145750.47,93283.66,91,709,0.4,2,0,0,0,0,0.127,0.506,0.147,0,0,0,0,38660.87210526316,0.4144397600341059,434237.8008989518,0.75,0.22427420306625626,High,"(0.013999999999999999, 0.152]",Low,Low Risk
986,134386,271164.52,60,8.63,5580.36,Personal,Mobile App,18,Female,Single,0,High School,Employed,Finance,0,Salary,568133.75,45581.25,45,672,0.31,1,0,0,1,0,0.122,0.477,0.182,0,0,0,0,14192.62590909091,0.3113629956636829,228852.4835038876,0.8333333333333334,0.2616069032830658,Low,"(0.152, 0.229]",Medium,Low Risk
987,139226,433487.8,48,5.16,10014.37,Car,Agent,43,Female,Single,0,High School,Employed,Finance,16,Salary,1074799.88,89641.0,100,800,0.7,0,0,0,0,0,0.112,0.403,0.147,0,0,0,0,3834.2242857142855,0.0427726320889124,636119.4876617705,0.0,0.7769227283204464,Medium,"(0.013999999999999999, 0.152]",High,Behavioral Risk
988,39360,151121.55,240,8.51,1312.42,Medical,Mobile App,39,Female,Single,1,High School,Employed,Healthcare,10,Salary,833366.31,69459.13,78,721,0.28,1,0,0,0,0,0.019,0.181,0.033,0,0,0,0,5746.767272727273,0.0827347612612771,451744.2563106097,0.0,0.6609480776484881,Low,"(0.013999999999999999, 0.152]",High,Low Risk
989,136922,236036.07,120,7.58,2811.66,Car,Branch,36,Male,Married,3,High School,Self-Employed,Healthcare,9,Business,650176.12,53563.32,61,764,0.55,0,0,0,1,0,0.052,0.363,0.117,0,0,0,0,2689.7727272727275,0.0502157542049022,343912.62110230874,0.0,0.6349437114013841,Low,"(0.013999999999999999, 0.152]",Medium,Low Risk
990,11408,771122.28,12,5.51,66194.2,Car,Agent,56,Male,Divorced,1,Masters,Employed,Construction,30,Salary,1728197.0,137442.36,100,801,0.32,1,0,0,1,0,0.482,0.446,0.512,0,0,0,0,53511.92454545454,0.3893380120033048,641650.3057863445,0.875,0.19943893386854072,High,"(0.35, 2.5]",Low,Low Risk
991,137368,388113.49,360,7.73,2775.13,Home,Online,43,Male,Married,1,PhD,Self-Employed,Services,5,Freelance,1004827.12,84251.67,80,728,0.14,1,0,0,4,0,0.033,0.386,0.135,0,0,0,1,2231.315,0.0264836117359841,578368.1187212343,0.0,0.7234556048596938,Medium,"(0.013999999999999999, 0.152]",High,Low Risk
992,14639,572829.45,12,14.19,51483.93,Personal,Mobile App,30,Male,Married,1,High School,Employed,IT,0,Salary,1109299.59,90203.12,69,542,0.28,5,2,0,1,48,0.571,0.516,0.607,1,0,0,1,30933.737391304345,0.3429304270282149,413348.5397557016,0.9166666666666666,0.16214679131199186,High,"(0.35, 2.5]",Low,Credit Risk
993,81316,888999.91,72,8.76,15919.01,Business,Mobile App,30,Female,Married,1,Masters,Employed,Healthcare,7,Salary,1001590.71,80397.24,69,722,0.23,2,0,0,0,0,0.198,0.888,0.21,0,0,0,0,3076.0525,0.0382601969893868,535377.8414815192,0.0,0.6826806277961656,Very High,"(0.152, 0.229]",High,Low Risk
994,162479,381483.67,48,9.99,9673.58,Business,Branch,36,Female,Married,0,Masters,Self-Employed,Education,8,Business,1133788.16,95031.92,84,631,0.62,2,0,0,1,0,0.102,0.336,0.154,0,0,0,0,34722.47478260869,0.3653731231515215,445894.791532437,0.7916666666666666,0.21252269511686642,Medium,"(0.152, 0.229]",Low,Low Risk
995,60405,869697.43,84,10.4,14618.39,Home,Agent,21,Male,Married,2,High School,Employed,Retail,0,Salary,1125930.1,89686.77,60,653,0.29,1,0,0,3,0,0.163,0.772,0.244,0,0,0,0,31052.26142857143,0.3462262628290505,439146.4721519332,0.875,0.23695735900143816,High,"(0.229, 0.35]",Low,Low Risk
996,81370,446474.73,360,5.68,2585.69,Car,Mobile App,41,Female,Single,0,Bachelors,Employed,Services,19,Salary,664157.19,56128.25,100,842,0.06,1,0,0,0,0,0.046,0.672,0.049,0,0,0,0,2599.093333333333,0.0463055061903256,382431.5258441488,0.0,0.7176015211401003,Medium,"(0.013999999999999999, 0.152]",High,Low Risk
997,150827,316064.07,48,11.46,8239.63,Personal,Online,52,Male,Married,2,Bachelors,Employed,Education,23,Salary,1321500.05,106896.98,100,611,0.32,1,0,0,3,0,0.077,0.239,0.149,0,0,0,0,46473.08210526316,0.4347423787171952,500232.0400328103,0.7083333333333334,0.24178874992288157,Medium,"(0.013999999999999999, 0.152]",Low,Low Risk
998,151964,1036466.16,12,14.17,93144.23,Home,Mobile App,30,Male,Married,1,High School,Self-Employed,Construction,7,Business,1280980.91,102025.46,55,534,0.34,4,1,2,2,38,0.913,0.809,0.969,1,0,0,1,34485.89791666667,0.3380093547954782,455951.6592785858,0.9166666666666666,0.13673822004834624,Very High,"(0.35, 2.5]",Low,Credit Risk
999,43291,422645.05,48,6.59,10040.56,Home,Mobile App,24,Male,Married,0,Masters,Self-Employed,Healthcare,3,Business,592422.77,48991.81,67,791,0.31,3,0,0,1,0,0.205,0.713,0.261,0,0,0,0,2524.276923076923,0.05152341584565,343226.37199442694,0.0,0.7598715139002693,Medium,"(0.229, 0.35]",High,Behavioral Risk
1000,145933,240085.84,36,6.18,7323.47,Education,Online,42,Male,Married,3,High School,Employed,Retail,9,Salary,997641.24,81963.52,83,818,0.08,2,0,0,2,0,0.089,0.241,0.142,0,0,0,0,36406.7425,0.4441768523746616,359569.4809899864,0.7916666666666666,0.16768739887551115,Low,"(0.013999999999999999, 0.152]",Low,Low Risk